event_id,user_id,event_name,event_ts,received_ts,platform,event_payload
E00000,U0058,session_start,2024-01-24 09:23:00,2024-01-08 07:37:00,ios,
E00001,U0280,session_start,2024-01-19 14:24:00,2024-01-02 01:01:00,ios,
E00002,U0120,session_start,2024-01-18 06:47:00,2024-01-23 22:10:00,android,
E00003,U0230,bonus_trigger,2024-01-26 00:13:00,2024-01-25 05:26:00,android,corrupt_payload
E00004,U0143,spin,2024-01-07 11:29:00,2024-01-04 03:09:00,android,
E00005,U0184,bonus_trigger,2024-01-20 09:01:00,2024-01-26 01:28:00,android,
E00006,U0194,session_start,2024-01-18 10:00:00,2024-01-27 21:27:00,android,
E00007,U0036,session_start,2024-01-22 07:46:00,2024-01-25 09:52:00,ios,
E00008,U0052,session_end,2024-01-09 15:28:00,2024-01-21 12:27:00,ios,corrupt_payload
E00009,U0182,spin,2024-01-22 09:06:00,2024-01-23 23:19:00,ios,
E00010,U0274,spin,2024-01-06 15:46:00,2024-01-13 09:12:00,ios,corrupt_payload
E00011,U0029,spin,2024-01-27 01:05:00,2024-01-26 10:46:00,android,corrupt_payload
E00012,U0034,spin,2024-01-30 19:21:00,2024-01-29 10:44:00,ios,corrupt_payload
E00013,U0203,session_end,2024-01-05 09:02:00,2024-01-05 08:25:00,android,corrupt_payload
E00014,U0299,session_end,2024-01-12 07:29:00,2024-01-05 17:23:00,android,
E00015,U0025,session_start,2024-01-05 21:25:00,2024-01-06 23:13:00,android,
E00016,U0198,session_end,2024-01-20 15:58:00,2024-01-17 08:34:00,ios,
E00017,U0275,bonus_trigger,2024-01-25 21:52:00,2024-01-11 03:48:00,android,corrupt_payload
E00018,U0081,session_end,2024-01-01 08:59:00,2024-01-17 06:05:00,ios,corrupt_payload
E00019,U0260,spin,2024-01-05 12:45:00,2024-01-25 05:30:00,ios,corrupt_payload
E00020,U0251,session_start,2024-01-04 12:23:00,2024-01-29 10:29:00,ios,
E00021,U0124,session_start,2024-01-03 16:35:00,2024-01-27 02:21:00,ios,
E00022,U0244,spin,2024-01-09 18:00:00,2024-01-28 20:42:00,android,
E00023,U0277,spin,2024-01-23 10:38:00,2024-01-13 22:55:00,android,corrupt_payload
E00024,U0265,session_end,2024-01-04 08:27:00,2024-01-08 02:11:00,android,
E00025,U0284,spin,2024-01-19 07:31:00,2024-01-01 02:25:00,ios,
E00026,U0035,session_start,2024-01-28 11:16:00,2024-01-03 17:32:00,ios,corrupt_payload
E00027,U0249,spin,2024-01-18 04:30:00,2024-01-24 19:29:00,android,
E00028,U0243,session_end,2024-01-07 03:13:00,2024-01-04 22:29:00,android,corrupt_payload
E00029,U0217,session_end,2024-01-15 01:50:00,2024-01-22 22:18:00,ios,
E00030,U0207,bonus_trigger,2024-01-26 03:43:00,2024-01-08 06:32:00,ios,corrupt_payload
E00031,U0072,session_end,2024-01-06 09:30:00,2024-01-15 08:31:00,ios,corrupt_payload
E00032,U0282,session_start,2024-01-02 22:15:00,2024-01-18 00:30:00,ios,
E00033,U0086,session_end,2024-01-16 16:25:00,2024-01-07 13:41:00,ios,
E00034,U0195,session_start,2024-01-13 09:03:00,2024-01-30 15:31:00,android,corrupt_payload
E00035,U0285,session_end,2024-01-05 06:28:00,2024-01-10 07:25:00,ios,
E00036,U0161,session_start,2024-01-02 19:56:00,2024-01-16 17:09:00,ios,
E00037,U0261,session_start,2024-01-28 06:20:00,2024-01-03 20:18:00,ios,
E00038,U0207,session_start,2024-01-29 19:26:00,2024-01-08 19:45:00,ios,
E00039,U0215,bonus_trigger,2024-01-30 08:54:00,2024-01-07 22:51:00,android,
E00040,U0136,session_end,2024-01-05 22:55:00,2024-01-21 10:14:00,android,corrupt_payload
E00041,U0038,session_start,2024-01-15 21:12:00,2024-01-19 03:24:00,ios,
E00042,U0260,bonus_trigger,2024-01-05 11:54:00,2024-01-29 02:20:00,ios,corrupt_payload
E00043,U0146,spin,2024-01-15 18:32:00,2024-01-23 10:19:00,ios,corrupt_payload
E00044,U0054,spin,2024-01-09 03:56:00,2024-01-29 03:39:00,ios,corrupt_payload
E00045,U0145,spin,2024-01-23 11:42:00,2024-01-07 23:27:00,android,corrupt_payload
E00046,U0129,session_start,2024-01-03 21:39:00,2024-01-14 09:26:00,ios,
E00047,U0171,spin,2024-01-21 08:56:00,2024-01-06 15:04:00,android,
E00048,U0058,session_start,2024-01-29 23:35:00,2024-01-29 05:05:00,ios,corrupt_payload
E00049,U0299,spin,2024-01-14 04:21:00,2024-01-02 10:31:00,android,
E00050,U0184,spin,2024-01-22 08:31:00,2024-01-22 03:30:00,android,corrupt_payload
E00051,U0080,spin,2024-01-28 05:32:00,2024-01-26 06:02:00,android,
E00052,U0092,bonus_trigger,2024-01-26 14:03:00,2024-01-26 22:51:00,ios,corrupt_payload
E00053,U0082,session_start,2024-01-13 01:19:00,2024-01-28 16:03:00,ios,
E00054,U0236,bonus_trigger,2024-01-10 07:46:00,2024-01-08 00:48:00,ios,corrupt_payload
E00055,U0169,bonus_trigger,2024-01-28 02:22:00,2024-01-25 09:31:00,android,corrupt_payload
E00056,U0275,bonus_trigger,2024-01-01 03:56:00,2024-01-29 08:54:00,ios,corrupt_payload
E00057,U0020,session_start,2024-01-20 14:49:00,2024-01-12 10:42:00,android,
E00058,U0198,spin,2024-01-09 01:30:00,2024-01-23 14:53:00,ios,
E00059,U0187,session_end,2024-01-03 22:40:00,2024-01-30 11:16:00,android,
E00060,U0154,bonus_trigger,2024-01-22 13:56:00,2024-01-11 13:44:00,android,
E00061,U0099,session_end,2024-01-22 12:56:00,2024-01-22 05:56:00,android,corrupt_payload
E00062,U0281,session_start,2024-01-10 09:47:00,2024-01-07 14:40:00,android,corrupt_payload
E00063,U0227,session_end,2024-01-22 07:17:00,2024-01-17 16:09:00,ios,
E00064,U0146,bonus_trigger,2024-01-03 08:01:00,2024-01-22 10:35:00,ios,
E00065,U0076,session_start,2024-01-02 08:21:00,2024-01-16 20:51:00,ios,corrupt_payload
E00066,U0213,spin,2024-01-23 23:46:00,2024-01-13 16:52:00,android,
E00067,U0076,session_start,2024-01-29 03:38:00,2024-01-25 14:30:00,ios,
E00068,U0266,session_end,2024-01-02 19:01:00,2024-01-08 04:08:00,android,
E00069,U0238,bonus_trigger,2024-01-25 15:06:00,2024-01-20 17:13:00,android,corrupt_payload
E00070,U0082,session_end,2024-01-15 08:50:00,2024-01-25 08:26:00,android,corrupt_payload
E00071,U0123,bonus_trigger,2024-01-15 02:38:00,2024-01-23 09:45:00,ios,corrupt_payload
E00072,U0172,bonus_trigger,2024-01-29 18:26:00,2024-01-03 04:43:00,ios,
E00073,U0197,spin,2024-01-23 07:18:00,2024-01-03 14:09:00,android,corrupt_payload
E00074,U0278,session_end,2024-01-14 02:07:00,2024-01-07 14:20:00,android,
E00075,U0295,session_end,2024-01-16 00:12:00,2024-01-12 10:11:00,android,corrupt_payload
E00076,U0276,spin,2024-01-16 07:29:00,2024-01-09 14:52:00,android,
E00077,U0200,bonus_trigger,2024-01-22 23:10:00,2024-01-26 13:48:00,ios,corrupt_payload
E00078,U0066,session_start,2024-01-30 13:26:00,2024-01-19 19:15:00,ios,
E00079,U0220,spin,2024-01-28 15:45:00,2024-01-06 01:42:00,android,corrupt_payload
E00080,U0168,spin,2024-01-15 11:09:00,2024-01-11 12:56:00,android,corrupt_payload
E00081,U0130,session_start,2024-01-16 00:39:00,2024-01-24 18:24:00,ios,corrupt_payload
E00082,U0115,session_start,2024-01-25 22:14:00,2024-01-02 01:03:00,ios,
E00083,U0011,spin,2024-01-08 04:18:00,2024-01-16 22:51:00,ios,
E00084,U0239,bonus_trigger,2024-01-25 12:35:00,2024-01-06 20:40:00,ios,
E00085,U0160,session_start,2024-01-19 00:52:00,2024-01-30 10:38:00,android,corrupt_payload
E00086,U0102,session_start,2024-01-19 23:34:00,2024-01-27 21:24:00,ios,
E00087,U0155,session_start,2024-01-26 19:19:00,2024-01-26 01:24:00,android,corrupt_payload
E00088,U0190,session_start,2024-01-17 22:06:00,2024-01-11 00:25:00,android,corrupt_payload
E00089,U0055,session_end,2024-01-12 21:41:00,2024-01-29 15:41:00,ios,corrupt_payload
E00090,U0091,bonus_trigger,2024-01-20 18:22:00,2024-01-25 16:30:00,android,corrupt_payload
E00091,U0138,bonus_trigger,2024-01-28 08:22:00,2024-01-27 02:57:00,android,corrupt_payload
E00092,U0125,session_end,2024-01-19 20:49:00,2024-01-22 12:56:00,android,
E00093,U0254,bonus_trigger,2024-01-06 16:38:00,2024-01-07 12:06:00,android,corrupt_payload
E00094,U0144,bonus_trigger,2024-01-18 00:20:00,2024-01-17 06:31:00,ios,
E00095,U0209,session_end,2024-01-18 08:12:00,2024-01-23 16:15:00,android,corrupt_payload
E00096,U0009,session_start,2024-01-10 07:33:00,2024-01-13 23:36:00,ios,corrupt_payload
E00097,U0298,bonus_trigger,2024-01-16 18:53:00,2024-01-17 11:44:00,android,corrupt_payload
E00098,U0181,session_end,2024-01-09 10:27:00,2024-01-09 07:52:00,ios,
E00099,U0162,session_start,2024-01-24 18:17:00,2024-01-25 23:33:00,ios,
E00100,U0111,session_end,2024-01-09 20:07:00,2024-01-25 17:54:00,android,
E00101,U0100,bonus_trigger,2024-01-08 12:19:00,2024-01-06 10:19:00,ios,
E00102,U0141,session_start,2024-01-02 18:53:00,2024-01-10 23:48:00,ios,corrupt_payload
E00103,U0053,session_start,2024-01-19 09:42:00,2024-01-16 16:20:00,android,corrupt_payload
E00104,U0095,session_start,2024-01-09 16:18:00,2024-01-04 02:13:00,android,corrupt_payload
E00105,U0038,session_start,2024-01-05 05:05:00,2024-01-26 19:12:00,android,
E00106,U0128,session_start,2024-01-18 14:12:00,2024-01-20 20:20:00,ios,corrupt_payload
E00107,U0231,session_end,2024-01-10 20:05:00,2024-01-14 10:25:00,ios,
E00108,U0107,spin,2024-01-09 22:32:00,2024-01-03 05:21:00,ios,
E00109,U0283,session_start,2024-01-06 00:05:00,2024-01-14 15:22:00,android,corrupt_payload
E00110,U0017,spin,2024-01-10 09:39:00,2024-01-23 15:29:00,ios,
E00111,U0136,spin,2024-01-14 03:55:00,2024-01-18 07:40:00,ios,corrupt_payload
E00112,U0073,session_start,2024-01-02 05:39:00,2024-01-26 10:29:00,android,corrupt_payload
E00113,U0064,session_end,2024-01-23 10:22:00,2024-01-23 13:44:00,android,corrupt_payload
E00114,U0225,session_start,2024-01-20 01:21:00,2024-01-29 14:44:00,android,corrupt_payload
E00115,U0014,session_start,2024-01-08 23:00:00,2024-01-27 19:38:00,ios,corrupt_payload
E00116,U0296,session_start,2024-01-25 05:58:00,2024-01-16 17:42:00,android,corrupt_payload
E00117,U0093,session_end,2024-01-21 16:47:00,2024-01-03 16:02:00,android,corrupt_payload
E00118,U0171,bonus_trigger,2024-01-22 03:34:00,2024-01-28 05:29:00,android,corrupt_payload
E00119,U0254,bonus_trigger,2024-01-22 13:40:00,2024-01-27 18:46:00,ios,corrupt_payload
E00120,U0046,bonus_trigger,2024-01-09 11:02:00,2024-01-04 13:47:00,ios,corrupt_payload
E00121,U0212,session_start,2024-01-07 17:41:00,2024-01-12 21:15:00,android,corrupt_payload
E00122,U0027,spin,2024-01-09 18:44:00,2024-01-05 09:49:00,android,corrupt_payload
E00123,U0063,session_start,2024-01-21 20:46:00,2024-01-26 08:10:00,ios,corrupt_payload
E00124,U0283,session_start,2024-01-18 13:55:00,2024-01-03 07:40:00,ios,corrupt_payload
E00125,U0061,spin,2024-01-16 09:57:00,2024-01-17 09:19:00,android,corrupt_payload
E00126,U0242,spin,2024-01-15 18:48:00,2024-01-05 13:05:00,ios,
E00127,U0036,bonus_trigger,2024-01-25 14:09:00,2024-01-11 17:19:00,android,
E00128,U0145,bonus_trigger,2024-01-27 20:02:00,2024-01-19 22:31:00,android,
E00129,U0229,session_end,2024-01-12 11:20:00,2024-01-18 18:32:00,android,corrupt_payload
E00130,U0165,spin,2024-01-23 08:09:00,2024-01-19 13:04:00,ios,corrupt_payload
E00131,U0023,bonus_trigger,2024-01-24 16:08:00,2024-01-23 13:00:00,android,
E00132,U0254,session_start,2024-01-05 17:08:00,2024-01-19 11:19:00,ios,corrupt_payload
E00133,U0052,session_end,2024-01-01 04:55:00,2024-01-14 22:20:00,ios,
E00134,U0241,bonus_trigger,2024-01-11 21:16:00,2024-01-23 13:34:00,ios,corrupt_payload
E00135,U0274,session_end,2024-01-11 21:23:00,2024-01-23 16:39:00,ios,
E00136,U0121,bonus_trigger,2024-01-08 03:05:00,2024-01-14 03:21:00,ios,corrupt_payload
E00137,U0086,bonus_trigger,2024-01-29 00:59:00,2024-01-02 11:04:00,ios,corrupt_payload
E00138,U0184,bonus_trigger,2024-01-14 04:58:00,2024-01-08 18:07:00,android,
E00139,U0088,spin,2024-01-03 20:48:00,2024-01-28 13:03:00,ios,corrupt_payload
E00140,U0299,spin,2024-01-08 15:44:00,2024-01-21 08:40:00,android,corrupt_payload
E00141,U0005,session_end,2024-01-29 09:49:00,2024-01-22 18:39:00,ios,
E00142,U0227,bonus_trigger,2024-01-19 10:12:00,2024-01-21 14:28:00,android,corrupt_payload
E00143,U0155,spin,2024-01-13 16:29:00,2024-01-04 08:05:00,android,corrupt_payload
E00144,U0295,bonus_trigger,2024-01-23 10:04:00,2024-01-01 22:28:00,android,corrupt_payload
E00145,U0005,session_start,2024-01-30 20:41:00,2024-01-24 16:57:00,android,
E00146,U0181,spin,2024-01-21 06:29:00,2024-01-20 08:33:00,ios,
E00147,U0021,bonus_trigger,2024-01-26 15:02:00,2024-01-02 19:46:00,android,
E00148,U0047,bonus_trigger,2024-01-11 14:10:00,2024-01-06 06:51:00,ios,corrupt_payload
E00149,U0272,bonus_trigger,2024-01-27 05:36:00,2024-01-09 16:26:00,android,corrupt_payload
E00150,U0059,session_end,2024-01-03 04:48:00,2024-01-25 07:42:00,android,corrupt_payload
E00151,U0047,session_end,2024-01-01 09:01:00,2024-01-18 04:13:00,android,corrupt_payload
E00152,U0135,session_end,2024-01-27 21:47:00,2024-01-12 03:41:00,ios,corrupt_payload
E00153,U0013,bonus_trigger,2024-01-30 20:49:00,2024-01-08 22:06:00,ios,corrupt_payload
E00154,U0155,session_end,2024-01-04 04:46:00,2024-01-02 01:16:00,android,corrupt_payload
E00155,U0060,session_start,2024-01-08 18:20:00,2024-01-05 13:15:00,android,corrupt_payload
E00156,U0277,session_end,2024-01-19 05:16:00,2024-01-29 14:09:00,ios,corrupt_payload
E00157,U0209,bonus_trigger,2024-01-02 23:33:00,2024-01-12 07:24:00,android,corrupt_payload
E00158,U0121,bonus_trigger,2024-01-04 23:24:00,2024-01-12 18:35:00,android,
E00159,U0204,bonus_trigger,2024-01-07 04:10:00,2024-01-28 15:31:00,ios,
E00160,U0011,session_start,2024-01-26 11:23:00,2024-01-08 04:17:00,ios,
E00161,U0284,spin,2024-01-19 07:22:00,2024-01-27 07:57:00,android,
E00162,U0002,bonus_trigger,2024-01-28 04:56:00,2024-01-05 18:26:00,android,
E00163,U0057,session_start,2024-01-05 00:30:00,2024-01-12 08:07:00,android,
E00164,U0090,bonus_trigger,2024-01-02 04:19:00,2024-01-24 14:22:00,ios,
E00165,U0244,session_end,2024-01-25 12:21:00,2024-01-17 20:15:00,ios,corrupt_payload
E00166,U0258,spin,2024-01-20 01:28:00,2024-01-24 22:29:00,android,corrupt_payload
E00167,U0016,session_start,2024-01-16 13:42:00,2024-01-14 23:25:00,ios,corrupt_payload
E00168,U0228,session_start,2024-01-29 02:45:00,2024-01-11 20:45:00,ios,
E00169,U0065,bonus_trigger,2024-01-20 21:36:00,2024-01-19 18:43:00,android,corrupt_payload
E00170,U0272,bonus_trigger,2024-01-15 17:15:00,2024-01-20 14:41:00,ios,
E00171,U0283,spin,2024-01-14 15:24:00,2024-01-29 07:47:00,android,corrupt_payload
E00172,U0233,session_end,2024-01-14 03:14:00,2024-01-11 14:34:00,android,corrupt_payload
E00173,U0192,spin,2024-01-22 16:11:00,2024-01-03 03:06:00,ios,
E00174,U0222,session_start,2024-01-24 12:43:00,2024-01-26 04:26:00,ios,corrupt_payload
E00175,U0063,session_end,2024-01-12 22:42:00,2024-01-25 14:26:00,ios,corrupt_payload
E00176,U0160,bonus_trigger,2024-01-04 19:43:00,2024-01-17 07:15:00,ios,corrupt_payload
E00177,U0115,session_start,2024-01-12 18:59:00,2024-01-12 03:55:00,android,
E00178,U0220,session_start,2024-01-20 22:27:00,2024-01-27 23:40:00,android,
E00179,U0093,bonus_trigger,2024-01-23 10:32:00,2024-01-30 11:35:00,android,
E00180,U0093,spin,2024-01-19 22:26:00,2024-01-13 02:22:00,ios,
E00181,U0047,spin,2024-01-13 14:19:00,2024-01-15 11:38:00,ios,corrupt_payload
E00182,U0160,bonus_trigger,2024-01-25 19:22:00,2024-01-20 02:53:00,ios,
E00183,U0081,session_start,2024-01-22 02:47:00,2024-01-09 15:07:00,android,corrupt_payload
E00184,U0227,session_end,2024-01-09 07:21:00,2024-01-25 17:29:00,ios,corrupt_payload
E00185,U0221,session_start,2024-01-10 23:08:00,2024-01-22 20:14:00,android,corrupt_payload
E00186,U0024,spin,2024-01-13 20:27:00,2024-01-02 00:15:00,ios,corrupt_payload
E00187,U0109,spin,2024-01-25 08:43:00,2024-01-10 11:11:00,ios,
E00188,U0255,session_end,2024-01-06 04:24:00,2024-01-13 18:10:00,ios,corrupt_payload
E00189,U0037,session_end,2024-01-28 01:26:00,2024-01-14 00:38:00,android,
E00190,U0161,session_end,2024-01-19 13:48:00,2024-01-23 21:51:00,android,corrupt_payload
E00191,U0059,session_end,2024-01-01 11:05:00,2024-01-06 21:05:00,android,corrupt_payload
E00192,U0046,session_end,2024-01-28 03:36:00,2024-01-08 14:52:00,android,
E00193,U0203,bonus_trigger,2024-01-24 11:35:00,2024-01-08 11:22:00,ios,
E00194,U0262,session_start,2024-01-17 17:24:00,2024-01-07 11:55:00,android,
E00195,U0121,session_start,2024-01-05 08:44:00,2024-01-07 05:55:00,ios,
E00196,U0091,session_end,2024-01-15 19:14:00,2024-01-25 19:46:00,android,corrupt_payload
E00197,U0162,spin,2024-01-15 02:19:00,2024-01-16 15:05:00,android,corrupt_payload
E00198,U0029,bonus_trigger,2024-01-17 02:31:00,2024-01-10 15:45:00,android,
E00199,U0030,bonus_trigger,2024-01-27 09:47:00,2024-01-03 22:00:00,ios,corrupt_payload
E00200,U0237,session_start,2024-01-15 19:30:00,2024-01-21 06:25:00,android,corrupt_payload
E00201,U0257,spin,2024-01-02 15:22:00,2024-01-04 11:43:00,ios,
E00202,U0021,spin,2024-01-23 14:56:00,2024-01-15 17:53:00,ios,corrupt_payload
E00203,U0191,bonus_trigger,2024-01-13 13:57:00,2024-01-25 11:32:00,ios,corrupt_payload
E00204,U0034,bonus_trigger,2024-01-04 19:02:00,2024-01-22 13:11:00,android,corrupt_payload
E00205,U0077,bonus_trigger,2024-01-03 19:53:00,2024-01-22 04:49:00,android,corrupt_payload
E00206,U0201,spin,2024-01-20 02:53:00,2024-01-10 19:04:00,android,corrupt_payload
E00207,U0066,session_start,2024-01-21 22:53:00,2024-01-14 17:21:00,android,
E00208,U0186,bonus_trigger,2024-01-06 07:18:00,2024-01-11 16:35:00,ios,
E00209,U0071,spin,2024-01-03 10:05:00,2024-01-28 03:27:00,ios,corrupt_payload
E00210,U0068,session_end,2024-01-05 05:32:00,2024-01-06 23:38:00,ios,corrupt_payload
E00211,U0023,session_end,2024-01-12 23:05:00,2024-01-24 08:06:00,android,corrupt_payload
E00212,U0230,spin,2024-01-18 08:09:00,2024-01-10 16:00:00,ios,corrupt_payload
E00213,U0293,session_end,2024-01-15 09:37:00,2024-01-25 13:02:00,android,
E00214,U0103,spin,2024-01-28 08:32:00,2024-01-02 21:53:00,android,corrupt_payload
E00215,U0284,session_start,2024-01-23 17:36:00,2024-01-28 04:15:00,android,
E00216,U0083,bonus_trigger,2024-01-15 17:31:00,2024-01-05 14:55:00,ios,
E00217,U0231,bonus_trigger,2024-01-30 00:54:00,2024-01-14 01:49:00,android,corrupt_payload
E00218,U0121,session_end,2024-01-03 12:47:00,2024-01-08 00:57:00,android,
E00219,U0172,spin,2024-01-05 01:18:00,2024-01-10 16:07:00,ios,corrupt_payload
E00220,U0230,session_start,2024-01-29 02:42:00,2024-01-01 08:44:00,ios,
E00221,U0281,session_end,2024-01-04 09:50:00,2024-01-08 10:16:00,ios,
E00222,U0123,session_end,2024-01-21 21:15:00,2024-01-15 02:08:00,ios,corrupt_payload
E00223,U0275,session_start,2024-01-21 17:35:00,2024-01-19 08:15:00,ios,corrupt_payload
E00224,U0220,session_start,2024-01-20 12:02:00,2024-01-08 19:28:00,android,
E00225,U0044,bonus_trigger,2024-01-03 17:57:00,2024-01-18 17:19:00,ios,corrupt_payload
E00226,U0241,session_start,2024-01-21 13:12:00,2024-01-12 08:39:00,ios,corrupt_payload
E00227,U0035,bonus_trigger,2024-01-08 22:25:00,2024-01-21 03:32:00,android,
E00228,U0023,bonus_trigger,2024-01-18 11:33:00,2024-01-27 21:56:00,ios,corrupt_payload
E00229,U0246,spin,2024-01-26 04:36:00,2024-01-03 15:37:00,ios,corrupt_payload
E00230,U0104,session_start,2024-01-26 06:48:00,2024-01-29 01:25:00,android,corrupt_payload
E00231,U0264,session_end,2024-01-27 18:32:00,2024-01-16 08:38:00,ios,
E00232,U0147,bonus_trigger,2024-01-28 01:37:00,2024-01-28 22:22:00,android,corrupt_payload
E00233,U0064,bonus_trigger,2024-01-14 13:39:00,2024-01-24 15:00:00,android,corrupt_payload
E00234,U0096,session_end,2024-01-23 16:58:00,2024-01-12 17:43:00,android,
E00235,U0218,session_start,2024-01-14 20:33:00,2024-01-27 06:09:00,android,corrupt_payload
E00236,U0053,session_start,2024-01-11 22:33:00,2024-01-10 10:27:00,android,corrupt_payload
E00237,U0086,session_end,2024-01-12 15:15:00,2024-01-02 12:02:00,android,corrupt_payload
E00238,U0030,session_start,2024-01-22 21:45:00,2024-01-13 12:24:00,ios,
E00239,U0074,session_end,2024-01-02 04:18:00,2024-01-03 08:03:00,android,corrupt_payload
E00240,U0197,session_start,2024-01-20 05:14:00,2024-01-22 15:21:00,android,corrupt_payload
E00241,U0228,session_start,2024-01-19 04:41:00,2024-01-17 12:31:00,android,corrupt_payload
E00242,U0143,spin,2024-01-04 00:53:00,2024-01-24 06:21:00,android,corrupt_payload
E00243,U0288,session_start,2024-01-09 08:53:00,2024-01-23 15:13:00,ios,corrupt_payload
E00244,U0252,spin,2024-01-04 04:37:00,2024-01-28 02:31:00,android,
E00245,U0228,session_start,2024-01-26 23:16:00,2024-01-28 10:54:00,android,
E00246,U0282,bonus_trigger,2024-01-29 10:14:00,2024-01-28 05:22:00,ios,corrupt_payload
E00247,U0261,spin,2024-01-04 06:51:00,2024-01-26 04:44:00,ios,corrupt_payload
E00248,U0014,bonus_trigger,2024-01-18 19:32:00,2024-01-12 15:57:00,ios,
E00249,U0034,bonus_trigger,2024-01-13 16:20:00,2024-01-17 14:01:00,android,
E00250,U0065,bonus_trigger,2024-01-21 02:31:00,2024-01-15 15:54:00,android,
E00251,U0283,spin,2024-01-25 04:24:00,2024-01-14 17:09:00,ios,
E00252,U0266,spin,2024-01-10 05:37:00,2024-01-06 11:00:00,ios,corrupt_payload
E00253,U0266,bonus_trigger,2024-01-28 02:41:00,2024-01-09 06:42:00,android,
E00254,U0156,session_start,2024-01-17 21:52:00,2024-01-06 20:12:00,ios,
E00255,U0173,session_start,2024-01-27 00:58:00,2024-01-03 01:33:00,android,
E00256,U0293,session_end,2024-01-20 21:48:00,2024-01-01 16:59:00,android,corrupt_payload
E00257,U0248,spin,2024-01-26 23:22:00,2024-01-13 10:09:00,android,
E00258,U0031,spin,2024-01-15 14:11:00,2024-01-16 15:51:00,ios,corrupt_payload
E00259,U0074,bonus_trigger,2024-01-28 10:53:00,2024-01-24 11:47:00,android,
E00260,U0190,session_start,2024-01-11 08:15:00,2024-01-15 04:10:00,android,corrupt_payload
E00261,U0127,spin,2024-01-04 01:43:00,2024-01-10 13:06:00,android,
E00262,U0082,bonus_trigger,2024-01-30 19:43:00,2024-01-24 10:40:00,ios,
E00263,U0256,session_end,2024-01-16 10:31:00,2024-01-16 00:47:00,ios,corrupt_payload
E00264,U0259,session_end,2024-01-08 07:20:00,2024-01-19 12:02:00,ios,
E00265,U0145,session_end,2024-01-20 22:19:00,2024-01-22 16:03:00,android,
E00266,U0056,session_end,2024-01-05 09:01:00,2024-01-24 12:29:00,android,corrupt_payload
E00267,U0024,session_end,2024-01-02 19:27:00,2024-01-18 06:38:00,android,corrupt_payload
E00268,U0038,session_end,2024-01-17 15:22:00,2024-01-25 18:46:00,android,
E00269,U0066,session_start,2024-01-13 12:44:00,2024-01-26 11:34:00,android,
E00270,U0102,session_end,2024-01-17 01:22:00,2024-01-02 01:19:00,ios,corrupt_payload
E00271,U0243,session_end,2024-01-05 20:41:00,2024-01-29 17:35:00,ios,corrupt_payload
E00272,U0164,spin,2024-01-13 21:02:00,2024-01-24 10:12:00,android,corrupt_payload
E00273,U0289,bonus_trigger,2024-01-16 00:34:00,2024-01-12 11:18:00,ios,corrupt_payload
E00274,U0299,bonus_trigger,2024-01-26 23:29:00,2024-01-21 00:54:00,android,corrupt_payload
E00275,U0297,spin,2024-01-24 01:45:00,2024-01-19 16:23:00,ios,corrupt_payload
E00276,U0076,spin,2024-01-02 19:32:00,2024-01-23 03:45:00,ios,
E00277,U0226,bonus_trigger,2024-01-14 05:10:00,2024-01-14 23:34:00,ios,corrupt_payload
E00278,U0257,session_end,2024-01-28 02:07:00,2024-01-23 04:42:00,ios,corrupt_payload
E00279,U0245,session_end,2024-01-11 05:54:00,2024-01-15 18:11:00,android,corrupt_payload
E00280,U0136,session_end,2024-01-07 08:24:00,2024-01-09 19:02:00,android,
E00281,U0153,bonus_trigger,2024-01-23 07:04:00,2024-01-23 16:41:00,android,corrupt_payload
E00282,U0179,bonus_trigger,2024-01-10 04:09:00,2024-01-19 23:05:00,android,corrupt_payload
E00283,U0177,spin,2024-01-10 01:26:00,2024-01-10 02:41:00,android,corrupt_payload
E00284,U0132,session_end,2024-01-07 06:53:00,2024-01-27 18:23:00,android,corrupt_payload
E00285,U0071,session_start,2024-01-20 20:01:00,2024-01-08 08:16:00,ios,
E00286,U0120,session_start,2024-01-04 14:06:00,2024-01-11 16:07:00,ios,
E00287,U0003,spin,2024-01-14 22:17:00,2024-01-30 16:14:00,android,
E00288,U0148,bonus_trigger,2024-01-10 22:02:00,2024-01-02 03:03:00,ios,
E00289,U0090,session_end,2024-01-29 06:00:00,2024-01-30 01:14:00,android,corrupt_payload
E00290,U0096,bonus_trigger,2024-01-29 01:16:00,2024-01-01 10:11:00,ios,corrupt_payload
E00291,U0146,session_end,2024-01-21 18:32:00,2024-01-17 16:51:00,ios,corrupt_payload
E00292,U0140,spin,2024-01-26 03:50:00,2024-01-11 05:32:00,android,corrupt_payload
E00293,U0096,session_start,2024-01-24 11:30:00,2024-01-26 10:04:00,ios,
E00294,U0208,session_end,2024-01-17 11:11:00,2024-01-03 13:40:00,ios,
E00295,U0072,session_end,2024-01-11 08:28:00,2024-01-01 08:54:00,android,
E00296,U0229,bonus_trigger,2024-01-11 10:18:00,2024-01-19 19:33:00,ios,corrupt_payload
E00297,U0185,spin,2024-01-02 22:47:00,2024-01-04 15:53:00,android,
E00298,U0208,bonus_trigger,2024-01-23 04:00:00,2024-01-21 10:04:00,android,
E00299,U0113,spin,2024-01-16 05:13:00,2024-01-15 20:40:00,android,corrupt_payload
E00300,U0282,session_end,2024-01-25 18:20:00,2024-01-26 22:40:00,ios,
E00301,U0042,session_end,2024-01-17 12:20:00,2024-01-03 19:15:00,ios,
E00302,U0281,spin,2024-01-19 18:19:00,2024-01-05 05:36:00,android,corrupt_payload
E00303,U0060,spin,2024-01-23 19:54:00,2024-01-16 03:06:00,android,
E00304,U0233,spin,2024-01-17 14:10:00,2024-01-15 19:14:00,ios,corrupt_payload
E00305,U0158,session_start,2024-01-13 08:41:00,2024-01-27 00:06:00,ios,
E00306,U0024,session_end,2024-01-12 23:54:00,2024-01-03 18:28:00,ios,
E00307,U0242,session_start,2024-01-10 13:57:00,2024-01-06 04:37:00,android,corrupt_payload
E00308,U0196,session_end,2024-01-28 12:53:00,2024-01-13 02:44:00,ios,corrupt_payload
E00309,U0061,spin,2024-01-18 13:24:00,2024-01-17 04:20:00,ios,
E00310,U0012,bonus_trigger,2024-01-15 22:59:00,2024-01-24 18:35:00,android,corrupt_payload
E00311,U0118,spin,2024-01-15 11:48:00,2024-01-05 09:24:00,ios,
E00312,U0017,session_end,2024-01-20 00:32:00,2024-01-08 07:02:00,ios,
E00313,U0018,session_end,2024-01-20 22:56:00,2024-01-23 01:39:00,ios,
E00314,U0206,session_end,2024-01-08 18:25:00,2024-01-07 01:55:00,ios,corrupt_payload
E00315,U0120,bonus_trigger,2024-01-19 20:24:00,2024-01-25 22:57:00,android,
E00316,U0155,spin,2024-01-22 17:47:00,2024-01-08 14:06:00,android,corrupt_payload
E00317,U0032,spin,2024-01-21 23:10:00,2024-01-14 18:58:00,android,
E00318,U0177,session_end,2024-01-26 17:54:00,2024-01-11 23:46:00,android,corrupt_payload
E00319,U0077,bonus_trigger,2024-01-13 06:16:00,2024-01-25 18:21:00,android,
E00320,U0116,bonus_trigger,2024-01-28 04:55:00,2024-01-26 15:48:00,ios,corrupt_payload
E00321,U0214,spin,2024-01-13 08:17:00,2024-01-09 06:56:00,android,
E00322,U0231,bonus_trigger,2024-01-03 18:16:00,2024-01-24 06:30:00,ios,corrupt_payload
E00323,U0194,session_start,2024-01-28 02:29:00,2024-01-07 20:03:00,ios,corrupt_payload
E00324,U0107,bonus_trigger,2024-01-10 00:31:00,2024-01-07 06:29:00,ios,corrupt_payload
E00325,U0125,spin,2024-01-13 08:10:00,2024-01-18 10:58:00,android,corrupt_payload
E00326,U0239,bonus_trigger,2024-01-10 08:55:00,2024-01-12 17:30:00,android,corrupt_payload
E00327,U0051,session_end,2024-01-25 10:55:00,2024-01-30 06:56:00,android,corrupt_payload
E00328,U0212,session_start,2024-01-19 07:33:00,2024-01-24 04:58:00,ios,corrupt_payload
E00329,U0284,session_end,2024-01-10 05:12:00,2024-01-07 11:15:00,ios,corrupt_payload
E00330,U0292,spin,2024-01-16 18:47:00,2024-01-21 23:22:00,android,corrupt_payload
E00331,U0251,session_end,2024-01-15 05:44:00,2024-01-24 12:01:00,ios,
E00332,U0280,session_end,2024-01-06 18:30:00,2024-01-21 02:00:00,ios,
E00333,U0025,session_start,2024-01-14 04:41:00,2024-01-27 21:31:00,ios,
E00334,U0078,session_start,2024-01-07 17:15:00,2024-01-15 12:44:00,ios,corrupt_payload
E00335,U0250,session_start,2024-01-01 18:09:00,2024-01-18 14:02:00,ios,
E00336,U0272,bonus_trigger,2024-01-18 09:47:00,2024-01-01 17:08:00,android,
E00337,U0055,session_start,2024-01-17 05:04:00,2024-01-08 06:33:00,android,corrupt_payload
E00338,U0137,session_end,2024-01-03 12:44:00,2024-01-13 15:40:00,ios,
E00339,U0154,session_start,2024-01-21 22:10:00,2024-01-25 01:04:00,ios,corrupt_payload
E00340,U0195,session_end,2024-01-18 16:14:00,2024-01-02 21:44:00,ios,
E00341,U0043,session_end,2024-01-28 14:48:00,2024-01-21 11:18:00,ios,
E00342,U0118,spin,2024-01-29 23:37:00,2024-01-29 19:20:00,android,corrupt_payload
E00343,U0024,session_start,2024-01-22 09:34:00,2024-01-29 18:32:00,ios,
E00344,U0162,session_start,2024-01-07 20:02:00,2024-01-05 13:35:00,ios,corrupt_payload
E00345,U0084,spin,2024-01-19 13:16:00,2024-01-22 18:27:00,android,corrupt_payload
E00346,U0072,session_start,2024-01-17 11:48:00,2024-01-02 03:20:00,android,
E00347,U0039,bonus_trigger,2024-01-20 20:57:00,2024-01-20 13:32:00,android,
E00348,U0140,session_end,2024-01-16 07:47:00,2024-01-12 18:52:00,android,corrupt_payload
E00349,U0096,session_end,2024-01-03 21:06:00,2024-01-10 08:24:00,ios,
E00350,U0138,spin,2024-01-13 21:38:00,2024-01-05 13:17:00,android,corrupt_payload
E00351,U0055,session_start,2024-01-01 10:31:00,2024-01-15 12:17:00,android,
E00352,U0068,session_start,2024-01-06 14:42:00,2024-01-15 19:00:00,android,
E00353,U0014,session_start,2024-01-12 18:55:00,2024-01-03 20:22:00,android,corrupt_payload
E00354,U0007,bonus_trigger,2024-01-14 13:14:00,2024-01-25 02:53:00,ios,
E00355,U0195,spin,2024-01-05 09:10:00,2024-01-10 09:09:00,android,
E00356,U0033,spin,2024-01-14 09:25:00,2024-01-14 10:13:00,android,
E00357,U0185,bonus_trigger,2024-01-08 21:20:00,2024-01-16 20:16:00,ios,corrupt_payload
E00358,U0055,spin,2024-01-10 00:13:00,2024-01-13 11:20:00,android,corrupt_payload
E00359,U0226,bonus_trigger,2024-01-14 22:13:00,2024-01-20 04:38:00,android,corrupt_payload
E00360,U0103,session_end,2024-01-11 06:03:00,2024-01-13 10:53:00,android,corrupt_payload
E00361,U0295,spin,2024-01-11 12:50:00,2024-01-09 13:24:00,android,
E00362,U0289,spin,2024-01-19 18:37:00,2024-01-06 23:16:00,ios,corrupt_payload
E00363,U0108,session_end,2024-01-26 09:56:00,2024-01-27 23:38:00,ios,corrupt_payload
E00364,U0256,spin,2024-01-21 10:20:00,2024-01-08 08:37:00,ios,corrupt_payload
E00365,U0194,session_start,2024-01-15 20:24:00,2024-01-16 19:52:00,android,corrupt_payload
E00366,U0279,session_start,2024-01-26 12:16:00,2024-01-23 18:19:00,ios,
E00367,U0128,bonus_trigger,2024-01-06 22:05:00,2024-01-20 01:30:00,android,corrupt_payload
E00368,U0221,session_start,2024-01-01 03:21:00,2024-01-09 07:34:00,ios,corrupt_payload
E00369,U0192,session_end,2024-01-15 23:11:00,2024-01-19 23:34:00,ios,corrupt_payload
E00370,U0013,session_end,2024-01-04 10:05:00,2024-01-14 02:55:00,ios,
E00371,U0179,bonus_trigger,2024-01-11 15:32:00,2024-01-26 07:03:00,android,corrupt_payload
E00372,U0244,session_start,2024-01-15 23:46:00,2024-01-15 10:53:00,ios,corrupt_payload
E00373,U0023,session_start,2024-01-01 11:42:00,2024-01-21 03:43:00,ios,
E00374,U0265,spin,2024-01-18 05:27:00,2024-01-11 19:06:00,android,corrupt_payload
E00375,U0119,session_end,2024-01-21 06:17:00,2024-01-06 21:51:00,android,corrupt_payload
E00376,U0015,spin,2024-01-15 20:12:00,2024-01-14 13:16:00,ios,
E00377,U0106,bonus_trigger,2024-01-25 02:08:00,2024-01-19 03:28:00,ios,corrupt_payload
E00378,U0167,spin,2024-01-15 03:53:00,2024-01-09 22:53:00,android,corrupt_payload
E00379,U0199,session_end,2024-01-19 03:53:00,2024-01-12 12:00:00,android,
E00380,U0153,session_start,2024-01-22 04:34:00,2024-01-11 04:01:00,ios,corrupt_payload
E00381,U0060,spin,2024-01-12 23:40:00,2024-01-05 17:26:00,android,corrupt_payload
E00382,U0071,session_end,2024-01-14 06:20:00,2024-01-16 21:41:00,ios,
E00383,U0251,bonus_trigger,2024-01-05 06:23:00,2024-01-11 15:23:00,ios,corrupt_payload
E00384,U0005,session_end,2024-01-05 06:39:00,2024-01-27 13:06:00,android,corrupt_payload
E00385,U0252,session_end,2024-01-23 15:09:00,2024-01-16 05:42:00,ios,
E00386,U0113,bonus_trigger,2024-01-02 09:22:00,2024-01-08 18:21:00,android,
E00387,U0235,session_end,2024-01-18 17:26:00,2024-01-04 19:32:00,ios,corrupt_payload
E00388,U0279,bonus_trigger,2024-01-18 01:25:00,2024-01-25 15:03:00,ios,corrupt_payload
E00389,U0053,spin,2024-01-10 01:06:00,2024-01-15 08:58:00,android,
E00390,U0225,session_start,2024-01-25 08:05:00,2024-01-07 20:04:00,android,corrupt_payload
E00391,U0085,spin,2024-01-26 07:03:00,2024-01-27 07:03:00,ios,corrupt_payload
E00392,U0273,bonus_trigger,2024-01-20 18:23:00,2024-01-06 11:02:00,android,corrupt_payload
E00393,U0294,bonus_trigger,2024-01-28 17:33:00,2024-01-29 23:11:00,ios,
E00394,U0211,session_start,2024-01-09 22:23:00,2024-01-05 23:56:00,ios,
E00395,U0075,bonus_trigger,2024-01-27 08:26:00,2024-01-25 23:04:00,android,corrupt_payload
E00396,U0073,bonus_trigger,2024-01-21 14:08:00,2024-01-13 15:25:00,ios,
E00397,U0207,bonus_trigger,2024-01-23 12:35:00,2024-01-15 16:39:00,android,
E00398,U0048,session_end,2024-01-21 22:40:00,2024-01-23 12:13:00,ios,corrupt_payload
E00399,U0112,session_end,2024-01-27 07:13:00,2024-01-16 09:09:00,android,corrupt_payload
E00400,U0173,spin,2024-01-19 16:33:00,2024-01-26 11:43:00,ios,
E00401,U0051,session_end,2024-01-01 04:14:00,2024-01-30 05:23:00,android,corrupt_payload
E00402,U0001,session_end,2024-01-07 23:30:00,2024-01-30 04:30:00,android,
E00403,U0141,session_start,2024-01-21 12:18:00,2024-01-09 02:48:00,android,
E00404,U0027,session_end,2024-01-21 10:25:00,2024-01-24 23:52:00,ios,corrupt_payload
E00405,U0047,session_start,2024-01-01 07:17:00,2024-01-16 02:39:00,ios,
E00406,U0266,session_end,2024-01-01 00:16:00,2024-01-23 11:43:00,ios,corrupt_payload
E00407,U0068,session_end,2024-01-03 07:48:00,2024-01-13 03:02:00,ios,
E00408,U0161,bonus_trigger,2024-01-29 10:12:00,2024-01-05 13:03:00,ios,
E00409,U0036,session_start,2024-01-20 22:11:00,2024-01-06 15:01:00,android,
E00410,U0078,session_end,2024-01-20 23:26:00,2024-01-15 07:24:00,ios,
E00411,U0072,session_start,2024-01-19 13:06:00,2024-01-12 14:39:00,android,
E00412,U0127,bonus_trigger,2024-01-21 02:52:00,2024-01-08 18:53:00,android,
E00413,U0155,spin,2024-01-17 20:42:00,2024-01-17 06:26:00,android,corrupt_payload
E00414,U0028,spin,2024-01-16 13:10:00,2024-01-04 08:13:00,android,
E00415,U0271,session_start,2024-01-12 10:48:00,2024-01-05 13:12:00,android,corrupt_payload
E00416,U0280,spin,2024-01-25 16:04:00,2024-01-25 02:29:00,ios,
E00417,U0008,bonus_trigger,2024-01-07 01:21:00,2024-01-30 02:03:00,android,corrupt_payload
E00418,U0257,session_end,2024-01-14 23:57:00,2024-01-13 02:48:00,ios,corrupt_payload
E00419,U0043,bonus_trigger,2024-01-03 17:27:00,2024-01-30 06:56:00,ios,corrupt_payload
E00420,U0201,session_start,2024-01-10 23:50:00,2024-01-14 08:08:00,ios,
E00421,U0045,session_end,2024-01-04 15:28:00,2024-01-20 20:46:00,ios,corrupt_payload
E00422,U0090,session_start,2024-01-01 04:41:00,2024-01-23 00:23:00,ios,corrupt_payload
E00423,U0178,bonus_trigger,2024-01-06 12:41:00,2024-01-05 09:10:00,ios,
E00424,U0172,session_end,2024-01-09 17:52:00,2024-01-03 08:58:00,ios,corrupt_payload
E00425,U0234,bonus_trigger,2024-01-02 17:03:00,2024-01-28 19:20:00,ios,corrupt_payload
E00426,U0081,bonus_trigger,2024-01-25 03:30:00,2024-01-29 19:35:00,ios,
E00427,U0261,session_start,2024-01-02 00:25:00,2024-01-08 01:34:00,android,corrupt_payload
E00428,U0197,spin,2024-01-06 01:12:00,2024-01-18 22:22:00,android,
E00429,U0165,spin,2024-01-14 10:55:00,2024-01-09 02:39:00,android,
E00430,U0258,session_start,2024-01-06 07:37:00,2024-01-26 17:36:00,ios,corrupt_payload
E00431,U0036,session_end,2024-01-28 09:38:00,2024-01-25 10:36:00,android,
E00432,U0284,session_end,2024-01-01 12:35:00,2024-01-07 09:57:00,android,
E00433,U0238,bonus_trigger,2024-01-19 16:50:00,2024-01-25 06:40:00,ios,
E00434,U0004,session_end,2024-01-01 07:57:00,2024-01-18 11:49:00,ios,corrupt_payload
E00435,U0001,session_end,2024-01-28 10:29:00,2024-01-04 07:00:00,ios,corrupt_payload
E00436,U0252,session_start,2024-01-05 09:33:00,2024-01-03 01:29:00,ios,corrupt_payload
E00437,U0191,session_end,2024-01-24 02:53:00,2024-01-19 03:15:00,ios,corrupt_payload
E00438,U0039,session_start,2024-01-14 22:36:00,2024-01-05 08:04:00,android,corrupt_payload
E00439,U0162,session_end,2024-01-23 11:08:00,2024-01-11 15:27:00,android,
E00440,U0039,spin,2024-01-05 19:57:00,2024-01-04 05:18:00,ios,
E00441,U0231,session_end,2024-01-11 13:52:00,2024-01-04 18:17:00,android,
E00442,U0232,bonus_trigger,2024-01-15 09:02:00,2024-01-28 04:05:00,ios,
E00443,U0156,session_start,2024-01-07 11:11:00,2024-01-05 03:06:00,ios,corrupt_payload
E00444,U0203,session_start,2024-01-22 10:12:00,2024-01-09 05:56:00,ios,corrupt_payload
E00445,U0232,spin,2024-01-04 15:46:00,2024-01-04 04:46:00,ios,
E00446,U0032,spin,2024-01-05 06:45:00,2024-01-27 13:40:00,android,
E00447,U0299,bonus_trigger,2024-01-30 02:33:00,2024-01-01 02:12:00,ios,corrupt_payload
E00448,U0066,session_start,2024-01-29 11:19:00,2024-01-04 01:27:00,android,
E00449,U0087,session_end,2024-01-27 13:28:00,2024-01-16 01:00:00,android,corrupt_payload
E00450,U0089,bonus_trigger,2024-01-07 06:23:00,2024-01-09 09:33:00,android,
E00451,U0018,spin,2024-01-21 10:04:00,2024-01-16 14:03:00,android,
E00452,U0045,bonus_trigger,2024-01-13 04:41:00,2024-01-14 06:48:00,ios,
E00453,U0196,bonus_trigger,2024-01-16 18:35:00,2024-01-26 16:32:00,android,corrupt_payload
E00454,U0199,bonus_trigger,2024-01-06 00:53:00,2024-01-11 20:22:00,ios,
E00455,U0144,session_start,2024-01-26 16:06:00,2024-01-17 12:12:00,ios,
E00456,U0052,spin,2024-01-22 08:13:00,2024-01-09 18:12:00,ios,
E00457,U0295,session_end,2024-01-12 05:55:00,2024-01-06 08:04:00,android,corrupt_payload
E00458,U0015,bonus_trigger,2024-01-19 19:14:00,2024-01-05 19:13:00,ios,corrupt_payload
E00459,U0278,bonus_trigger,2024-01-06 16:44:00,2024-01-02 03:04:00,ios,
E00460,U0113,session_start,2024-01-17 16:18:00,2024-01-01 11:19:00,ios,
E00461,U0175,spin,2024-01-30 11:02:00,2024-01-02 00:44:00,ios,
E00462,U0057,bonus_trigger,2024-01-03 12:45:00,2024-01-23 22:36:00,android,
E00463,U0173,bonus_trigger,2024-01-11 04:39:00,2024-01-06 14:54:00,android,corrupt_payload
E00464,U0090,bonus_trigger,2024-01-08 22:43:00,2024-01-19 05:59:00,android,corrupt_payload
E00465,U0151,spin,2024-01-06 00:03:00,2024-01-23 19:33:00,android,
E00466,U0094,bonus_trigger,2024-01-30 20:52:00,2024-01-08 21:49:00,ios,corrupt_payload
E00467,U0073,bonus_trigger,2024-01-24 02:39:00,2024-01-08 11:50:00,android,
E00468,U0046,bonus_trigger,2024-01-15 00:23:00,2024-01-09 07:09:00,ios,
E00469,U0180,bonus_trigger,2024-01-26 03:41:00,2024-01-24 00:02:00,ios,corrupt_payload
E00470,U0225,session_end,2024-01-06 14:07:00,2024-01-16 12:55:00,android,corrupt_payload
E00471,U0052,session_end,2024-01-26 19:43:00,2024-01-21 23:27:00,ios,
E00472,U0232,session_start,2024-01-26 01:08:00,2024-01-10 00:41:00,android,corrupt_payload
E00473,U0054,session_start,2024-01-11 05:48:00,2024-01-29 12:48:00,ios,
E00474,U0281,session_start,2024-01-11 20:16:00,2024-01-20 16:28:00,ios,corrupt_payload
E00475,U0085,session_end,2024-01-06 01:49:00,2024-01-04 11:18:00,ios,
E00476,U0210,bonus_trigger,2024-01-22 09:36:00,2024-01-10 08:06:00,ios,
E00477,U0202,session_end,2024-01-05 01:51:00,2024-01-12 00:07:00,android,
E00478,U0151,session_end,2024-01-07 03:18:00,2024-01-01 07:03:00,ios,corrupt_payload
E00479,U0042,session_end,2024-01-28 03:56:00,2024-01-10 13:34:00,android,corrupt_payload
E00480,U0136,session_start,2024-01-21 18:34:00,2024-01-13 06:18:00,android,corrupt_payload
E00481,U0190,spin,2024-01-15 01:31:00,2024-01-09 15:00:00,android,corrupt_payload
E00482,U0116,bonus_trigger,2024-01-19 02:06:00,2024-01-05 23:46:00,ios,
E00483,U0177,session_end,2024-01-25 20:07:00,2024-01-08 18:53:00,ios,corrupt_payload
E00484,U0268,session_end,2024-01-18 23:27:00,2024-01-28 16:12:00,ios,corrupt_payload
E00485,U0154,session_start,2024-01-13 01:11:00,2024-01-17 19:29:00,ios,
E00486,U0230,spin,2024-01-06 07:13:00,2024-01-26 06:34:00,ios,
E00487,U0217,session_start,2024-01-22 14:51:00,2024-01-07 21:24:00,ios,corrupt_payload
E00488,U0164,session_start,2024-01-03 13:14:00,2024-01-18 13:33:00,android,corrupt_payload
E00489,U0267,session_end,2024-01-30 00:25:00,2024-01-26 23:54:00,android,
E00490,U0213,spin,2024-01-05 19:20:00,2024-01-19 19:53:00,ios,
E00491,U0289,session_start,2024-01-26 09:45:00,2024-01-28 18:16:00,android,corrupt_payload
E00492,U0136,session_end,2024-01-21 16:34:00,2024-01-19 20:47:00,android,
E00493,U0089,bonus_trigger,2024-01-13 04:54:00,2024-01-20 20:46:00,android,
E00494,U0203,bonus_trigger,2024-01-23 08:06:00,2024-01-02 16:13:00,android,corrupt_payload
E00495,U0011,bonus_trigger,2024-01-27 10:20:00,2024-01-10 09:34:00,android,
E00496,U0117,spin,2024-01-10 15:07:00,2024-01-25 10:57:00,android,corrupt_payload
E00497,U0046,spin,2024-01-15 07:12:00,2024-01-30 13:53:00,android,corrupt_payload
E00498,U0029,spin,2024-01-03 10:37:00,2024-01-23 17:17:00,android,
E00499,U0269,session_start,2024-01-06 06:34:00,2024-01-29 06:51:00,ios,
E00500,U0017,session_end,2024-01-02 12:18:00,2024-01-23 06:47:00,android,corrupt_payload
E00501,U0238,session_end,2024-01-21 04:13:00,2024-01-22 01:02:00,ios,corrupt_payload
E00502,U0251,session_end,2024-01-06 16:11:00,2024-01-19 18:49:00,android,corrupt_payload
E00503,U0084,bonus_trigger,2024-01-24 23:30:00,2024-01-03 09:43:00,ios,corrupt_payload
E00504,U0026,spin,2024-01-28 19:31:00,2024-01-25 07:18:00,ios,
E00505,U0106,bonus_trigger,2024-01-21 13:58:00,2024-01-17 00:41:00,ios,corrupt_payload
E00506,U0068,spin,2024-01-20 00:17:00,2024-01-08 08:36:00,android,corrupt_payload
E00507,U0217,session_end,2024-01-28 11:54:00,2024-01-15 08:36:00,ios,corrupt_payload
E00508,U0155,session_end,2024-01-19 03:29:00,2024-01-01 17:27:00,android,corrupt_payload
E00509,U0153,session_start,2024-01-16 02:10:00,2024-01-11 09:26:00,android,corrupt_payload
E00510,U0134,bonus_trigger,2024-01-07 05:07:00,2024-01-17 08:12:00,ios,corrupt_payload
E00511,U0164,spin,2024-01-24 00:52:00,2024-01-21 16:58:00,android,corrupt_payload
E00512,U0215,session_end,2024-01-13 01:12:00,2024-01-19 19:31:00,ios,corrupt_payload
E00513,U0114,session_end,2024-01-30 22:55:00,2024-01-12 17:18:00,android,
E00514,U0286,spin,2024-01-10 03:19:00,2024-01-16 04:22:00,android,
E00515,U0172,session_start,2024-01-08 12:07:00,2024-01-08 10:28:00,android,corrupt_payload
E00516,U0191,bonus_trigger,2024-01-19 10:02:00,2024-01-15 04:01:00,android,
E00517,U0299,session_start,2024-01-16 06:38:00,2024-01-17 04:05:00,android,corrupt_payload
E00518,U0212,session_start,2024-01-28 05:08:00,2024-01-05 06:50:00,android,corrupt_payload
E00519,U0292,session_end,2024-01-05 10:47:00,2024-01-28 06:09:00,ios,corrupt_payload
E00520,U0171,spin,2024-01-11 21:39:00,2024-01-02 00:09:00,android,corrupt_payload
E00521,U0108,spin,2024-01-19 05:24:00,2024-01-16 03:00:00,ios,corrupt_payload
E00522,U0220,session_end,2024-01-14 16:17:00,2024-01-13 00:09:00,ios,
E00523,U0192,session_start,2024-01-29 10:59:00,2024-01-25 18:07:00,ios,
E00524,U0003,spin,2024-01-08 23:40:00,2024-01-29 11:45:00,android,
E00525,U0053,session_end,2024-01-17 20:05:00,2024-01-10 05:42:00,ios,
E00526,U0153,bonus_trigger,2024-01-15 17:45:00,2024-01-20 17:53:00,android,corrupt_payload
E00527,U0069,bonus_trigger,2024-01-29 16:43:00,2024-01-12 06:25:00,ios,corrupt_payload
E00528,U0010,spin,2024-01-08 04:28:00,2024-01-07 00:44:00,ios,
E00529,U0188,session_start,2024-01-13 21:51:00,2024-01-09 18:15:00,ios,
E00530,U0056,session_start,2024-01-02 23:32:00,2024-01-04 14:13:00,android,corrupt_payload
E00531,U0064,bonus_trigger,2024-01-16 23:57:00,2024-01-05 07:00:00,ios,corrupt_payload
E00532,U0216,session_start,2024-01-22 17:45:00,2024-01-09 21:15:00,ios,corrupt_payload
E00533,U0054,session_start,2024-01-10 03:53:00,2024-01-26 03:37:00,android,
E00534,U0103,bonus_trigger,2024-01-27 17:51:00,2024-01-07 12:13:00,android,corrupt_payload
E00535,U0083,session_start,2024-01-18 16:56:00,2024-01-30 07:05:00,android,corrupt_payload
E00536,U0121,session_start,2024-01-01 22:55:00,2024-01-03 03:46:00,android,
E00537,U0047,session_start,2024-01-24 03:27:00,2024-01-29 08:44:00,ios,corrupt_payload
E00538,U0152,bonus_trigger,2024-01-15 01:42:00,2024-01-04 05:57:00,ios,corrupt_payload
E00539,U0185,bonus_trigger,2024-01-14 03:57:00,2024-01-04 01:33:00,ios,
E00540,U0088,bonus_trigger,2024-01-12 14:56:00,2024-01-20 09:09:00,ios,corrupt_payload
E00541,U0176,spin,2024-01-04 13:40:00,2024-01-13 15:34:00,android,corrupt_payload
E00542,U0245,session_end,2024-01-21 05:41:00,2024-01-04 04:31:00,ios,
E00543,U0054,session_end,2024-01-30 20:09:00,2024-01-16 19:25:00,android,
E00544,U0195,bonus_trigger,2024-01-20 00:59:00,2024-01-28 23:21:00,ios,corrupt_payload
E00545,U0250,session_start,2024-01-29 14:02:00,2024-01-15 01:34:00,ios,corrupt_payload
E00546,U0161,session_start,2024-01-23 23:08:00,2024-01-17 19:40:00,ios,corrupt_payload
E00547,U0266,session_start,2024-01-14 22:35:00,2024-01-24 08:29:00,android,corrupt_payload
E00548,U0198,spin,2024-01-27 19:03:00,2024-01-29 20:55:00,ios,
E00549,U0081,session_end,2024-01-28 16:55:00,2024-01-28 05:38:00,ios,corrupt_payload
E00550,U0165,spin,2024-01-11 09:29:00,2024-01-02 17:18:00,ios,corrupt_payload
E00551,U0207,spin,2024-01-03 15:40:00,2024-01-15 19:33:00,android,
E00552,U0256,session_end,2024-01-11 04:03:00,2024-01-16 22:18:00,ios,
E00553,U0207,session_end,2024-01-02 19:01:00,2024-01-18 00:00:00,ios,corrupt_payload
E00554,U0261,spin,2024-01-21 22:55:00,2024-01-15 11:38:00,android,
E00555,U0115,session_end,2024-01-11 19:07:00,2024-01-25 21:09:00,android,corrupt_payload
E00556,U0232,session_start,2024-01-04 22:29:00,2024-01-08 00:04:00,android,corrupt_payload
E00557,U0150,bonus_trigger,2024-01-23 03:37:00,2024-01-02 05:36:00,android,
E00558,U0210,session_start,2024-01-09 20:51:00,2024-01-07 06:24:00,ios,corrupt_payload
E00559,U0111,session_end,2024-01-27 06:30:00,2024-01-23 11:32:00,ios,corrupt_payload
E00560,U0024,session_start,2024-01-25 15:22:00,2024-01-15 22:28:00,ios,corrupt_payload
E00561,U0003,session_start,2024-01-18 14:46:00,2024-01-27 19:58:00,android,
E00562,U0297,spin,2024-01-24 04:22:00,2024-01-04 13:13:00,android,corrupt_payload
E00563,U0215,spin,2024-01-09 13:34:00,2024-01-11 10:02:00,android,
E00564,U0071,session_end,2024-01-20 23:53:00,2024-01-29 17:29:00,android,corrupt_payload
E00565,U0284,spin,2024-01-07 07:09:00,2024-01-20 09:55:00,android,
E00566,U0092,bonus_trigger,2024-01-23 03:56:00,2024-01-25 12:01:00,android,corrupt_payload
E00567,U0274,bonus_trigger,2024-01-29 14:25:00,2024-01-26 00:26:00,ios,
E00568,U0196,spin,2024-01-02 22:52:00,2024-01-02 06:49:00,android,
E00569,U0147,bonus_trigger,2024-01-05 02:07:00,2024-01-23 10:04:00,ios,
E00570,U0184,session_end,2024-01-04 21:01:00,2024-01-28 23:03:00,ios,corrupt_payload
E00571,U0122,bonus_trigger,2024-01-23 22:40:00,2024-01-02 13:01:00,android,corrupt_payload
E00572,U0161,session_start,2024-01-01 08:34:00,2024-01-07 21:10:00,android,
E00573,U0189,spin,2024-01-25 06:36:00,2024-01-10 15:19:00,ios,
E00574,U0096,spin,2024-01-24 17:32:00,2024-01-04 12:52:00,ios,corrupt_payload
E00575,U0143,bonus_trigger,2024-01-05 05:29:00,2024-01-19 08:42:00,ios,corrupt_payload
E00576,U0239,spin,2024-01-02 05:14:00,2024-01-30 11:00:00,ios,corrupt_payload
E00577,U0252,bonus_trigger,2024-01-03 10:50:00,2024-01-17 07:30:00,ios,
E00578,U0259,spin,2024-01-14 18:32:00,2024-01-18 13:46:00,ios,corrupt_payload
E00579,U0114,spin,2024-01-22 11:19:00,2024-01-11 12:18:00,android,
E00580,U0272,session_end,2024-01-18 22:09:00,2024-01-01 03:54:00,android,corrupt_payload
E00581,U0124,spin,2024-01-02 23:17:00,2024-01-29 10:57:00,android,
E00582,U0198,bonus_trigger,2024-01-18 09:39:00,2024-01-01 17:38:00,android,corrupt_payload
E00583,U0250,session_start,2024-01-10 22:14:00,2024-01-07 10:56:00,ios,
E00584,U0086,session_start,2024-01-21 02:14:00,2024-01-07 22:52:00,ios,corrupt_payload
E00585,U0054,spin,2024-01-18 23:59:00,2024-01-29 14:51:00,ios,
E00586,U0013,session_end,2024-01-23 11:19:00,2024-01-02 02:59:00,ios,
E00587,U0092,bonus_trigger,2024-01-18 02:24:00,2024-01-19 07:46:00,android,corrupt_payload
E00588,U0199,session_end,2024-01-21 13:48:00,2024-01-14 10:47:00,ios,corrupt_payload
E00589,U0061,session_start,2024-01-21 21:06:00,2024-01-03 19:59:00,ios,
E00590,U0184,session_start,2024-01-10 23:24:00,2024-01-10 20:42:00,ios,corrupt_payload
E00591,U0225,session_end,2024-01-13 22:33:00,2024-01-01 16:10:00,ios,
E00592,U0070,session_end,2024-01-26 18:37:00,2024-01-10 21:38:00,ios,corrupt_payload
E00593,U0192,session_start,2024-01-18 18:56:00,2024-01-05 04:12:00,ios,
E00594,U0294,session_end,2024-01-18 18:41:00,2024-01-03 10:24:00,ios,corrupt_payload
E00595,U0109,session_end,2024-01-29 22:02:00,2024-01-28 17:29:00,ios,
E00596,U0095,spin,2024-01-20 08:37:00,2024-01-07 03:54:00,ios,
E00597,U0282,session_end,2024-01-21 18:45:00,2024-01-03 09:55:00,ios,corrupt_payload
E00598,U0051,spin,2024-01-24 19:49:00,2024-01-16 11:17:00,android,
E00599,U0121,session_start,2024-01-10 21:08:00,2024-01-03 06:36:00,android,corrupt_payload
E00600,U0231,bonus_trigger,2024-01-20 22:30:00,2024-01-10 23:40:00,ios,corrupt_payload
E00601,U0162,session_end,2024-01-06 00:09:00,2024-01-11 08:24:00,ios,corrupt_payload
E00602,U0142,bonus_trigger,2024-01-05 23:11:00,2024-01-24 11:19:00,android,corrupt_payload
E00603,U0229,bonus_trigger,2024-01-25 10:25:00,2024-01-16 18:49:00,ios,
E00604,U0042,bonus_trigger,2024-01-28 04:46:00,2024-01-29 18:23:00,ios,corrupt_payload
E00605,U0040,session_start,2024-01-29 00:38:00,2024-01-28 17:18:00,ios,corrupt_payload
E00606,U0109,session_start,2024-01-18 08:53:00,2024-01-18 18:25:00,android,
E00607,U0188,session_end,2024-01-08 20:07:00,2024-01-24 09:55:00,ios,corrupt_payload
E00608,U0257,session_start,2024-01-13 12:25:00,2024-01-17 00:21:00,ios,
E00609,U0264,spin,2024-01-15 05:26:00,2024-01-06 19:19:00,ios,corrupt_payload
E00610,U0184,session_start,2024-01-08 16:38:00,2024-01-08 02:08:00,android,corrupt_payload
E00611,U0120,session_start,2024-01-22 07:03:00,2024-01-17 12:19:00,android,corrupt_payload
E00612,U0233,session_start,2024-01-02 22:08:00,2024-01-11 03:31:00,android,corrupt_payload
E00613,U0297,spin,2024-01-13 22:18:00,2024-01-13 12:28:00,ios,corrupt_payload
E00614,U0193,spin,2024-01-17 13:51:00,2024-01-12 11:46:00,android,corrupt_payload
E00615,U0004,spin,2024-01-15 05:39:00,2024-01-08 02:37:00,android,
E00616,U0077,spin,2024-01-06 12:21:00,2024-01-20 04:02:00,ios,corrupt_payload
E00617,U0170,session_start,2024-01-16 23:02:00,2024-01-16 16:21:00,ios,
E00618,U0211,session_start,2024-01-08 01:28:00,2024-01-05 19:34:00,ios,
E00619,U0263,session_start,2024-01-29 19:32:00,2024-01-05 01:54:00,ios,corrupt_payload
E00620,U0093,session_end,2024-01-20 19:14:00,2024-01-21 00:38:00,android,
E00621,U0111,session_end,2024-01-20 16:05:00,2024-01-28 16:26:00,ios,
E00622,U0211,spin,2024-01-26 19:53:00,2024-01-27 06:12:00,android,
E00623,U0176,session_end,2024-01-20 20:09:00,2024-01-03 07:50:00,android,corrupt_payload
E00624,U0068,session_start,2024-01-01 06:54:00,2024-01-17 17:12:00,android,
E00625,U0050,spin,2024-01-16 20:59:00,2024-01-20 01:19:00,ios,
E00626,U0247,spin,2024-01-29 20:35:00,2024-01-18 00:02:00,android,corrupt_payload
E00627,U0190,session_start,2024-01-23 18:05:00,2024-01-14 07:49:00,android,corrupt_payload
E00628,U0180,session_start,2024-01-14 04:34:00,2024-01-09 16:17:00,ios,
E00629,U0146,session_end,2024-01-09 06:27:00,2024-01-01 00:14:00,ios,
E00630,U0193,spin,2024-01-23 10:46:00,2024-01-14 12:21:00,ios,
E00631,U0219,bonus_trigger,2024-01-09 18:17:00,2024-01-14 19:16:00,android,corrupt_payload
E00632,U0204,spin,2024-01-14 18:50:00,2024-01-26 19:01:00,android,
E00633,U0190,session_end,2024-01-09 10:28:00,2024-01-19 11:45:00,android,
E00634,U0061,spin,2024-01-15 23:52:00,2024-01-06 03:25:00,ios,corrupt_payload
E00635,U0174,session_start,2024-01-06 13:16:00,2024-01-21 00:10:00,ios,
E00636,U0242,session_end,2024-01-03 02:11:00,2024-01-09 07:34:00,android,
E00637,U0020,session_end,2024-01-30 13:40:00,2024-01-20 22:23:00,android,
E00638,U0090,session_end,2024-01-15 00:21:00,2024-01-07 22:25:00,android,
E00639,U0018,spin,2024-01-20 05:47:00,2024-01-22 01:13:00,android,
E00640,U0001,spin,2024-01-03 09:25:00,2024-01-25 13:38:00,android,corrupt_payload
E00641,U0208,spin,2024-01-17 00:31:00,2024-01-24 02:20:00,ios,corrupt_payload
E00642,U0287,bonus_trigger,2024-01-12 09:26:00,2024-01-08 20:41:00,ios,corrupt_payload
E00643,U0207,session_start,2024-01-09 05:58:00,2024-01-14 17:16:00,ios,
E00644,U0258,bonus_trigger,2024-01-11 03:59:00,2024-01-26 17:31:00,android,corrupt_payload
E00645,U0227,session_end,2024-01-19 16:30:00,2024-01-25 08:18:00,android,corrupt_payload
E00646,U0236,session_start,2024-01-16 03:58:00,2024-01-09 02:18:00,android,
E00647,U0118,bonus_trigger,2024-01-14 12:03:00,2024-01-17 18:17:00,ios,corrupt_payload
E00648,U0128,bonus_trigger,2024-01-03 13:37:00,2024-01-22 11:40:00,ios,
E00649,U0244,bonus_trigger,2024-01-12 07:27:00,2024-01-29 19:34:00,android,
E00650,U0098,session_end,2024-01-24 06:48:00,2024-01-08 08:15:00,android,
E00651,U0118,spin,2024-01-27 08:31:00,2024-01-27 21:06:00,android,
E00652,U0055,session_start,2024-01-30 02:40:00,2024-01-22 22:38:00,android,
E00653,U0278,session_start,2024-01-28 16:27:00,2024-01-12 21:11:00,android,corrupt_payload
E00654,U0295,bonus_trigger,2024-01-16 06:14:00,2024-01-25 17:26:00,android,corrupt_payload
E00655,U0114,spin,2024-01-02 17:56:00,2024-01-26 14:26:00,android,
E00656,U0258,bonus_trigger,2024-01-13 23:25:00,2024-01-25 05:57:00,android,
E00657,U0266,session_end,2024-01-11 23:31:00,2024-01-01 00:24:00,ios,corrupt_payload
E00658,U0298,session_start,2024-01-11 12:20:00,2024-01-20 08:51:00,ios,corrupt_payload
E00659,U0122,bonus_trigger,2024-01-16 20:55:00,2024-01-11 12:29:00,ios,corrupt_payload
E00660,U0218,spin,2024-01-14 23:55:00,2024-01-25 12:42:00,android,corrupt_payload
E00661,U0144,session_end,2024-01-06 19:30:00,2024-01-05 19:39:00,ios,
E00662,U0139,spin,2024-01-18 14:45:00,2024-01-28 13:00:00,ios,
E00663,U0077,session_end,2024-01-26 00:19:00,2024-01-06 14:23:00,android,
E00664,U0265,bonus_trigger,2024-01-26 16:36:00,2024-01-10 08:33:00,ios,corrupt_payload
E00665,U0051,spin,2024-01-02 07:21:00,2024-01-27 08:40:00,android,
E00666,U0231,bonus_trigger,2024-01-09 12:19:00,2024-01-12 19:07:00,android,corrupt_payload
E00667,U0011,session_end,2024-01-04 11:59:00,2024-01-28 23:11:00,ios,
E00668,U0146,bonus_trigger,2024-01-11 22:58:00,2024-01-17 16:38:00,android,
E00669,U0196,bonus_trigger,2024-01-15 21:33:00,2024-01-05 05:43:00,android,corrupt_payload
E00670,U0293,session_end,2024-01-28 02:26:00,2024-01-03 05:31:00,android,
E00671,U0161,bonus_trigger,2024-01-21 09:56:00,2024-01-23 09:07:00,android,corrupt_payload
E00672,U0228,bonus_trigger,2024-01-24 20:02:00,2024-01-17 15:22:00,android,
E00673,U0095,session_start,2024-01-05 08:00:00,2024-01-22 08:35:00,ios,
E00674,U0086,session_end,2024-01-04 03:15:00,2024-01-03 16:09:00,ios,
E00675,U0204,session_start,2024-01-04 08:57:00,2024-01-20 05:18:00,ios,corrupt_payload
E00676,U0159,spin,2024-01-08 09:41:00,2024-01-15 21:23:00,ios,
E00677,U0270,spin,2024-01-01 01:11:00,2024-01-22 12:10:00,android,corrupt_payload
E00678,U0240,bonus_trigger,2024-01-18 15:11:00,2024-01-05 23:48:00,ios,corrupt_payload
E00679,U0289,session_end,2024-01-17 21:50:00,2024-01-21 18:13:00,android,corrupt_payload
E00680,U0247,spin,2024-01-26 03:03:00,2024-01-15 10:30:00,android,corrupt_payload
E00681,U0134,spin,2024-01-10 00:21:00,2024-01-01 17:51:00,ios,corrupt_payload
E00682,U0147,session_end,2024-01-18 00:17:00,2024-01-23 16:47:00,android,corrupt_payload
E00683,U0005,session_end,2024-01-26 09:59:00,2024-01-20 07:53:00,ios,corrupt_payload
E00684,U0097,session_end,2024-01-29 19:08:00,2024-01-14 13:28:00,ios,
E00685,U0200,session_end,2024-01-08 08:58:00,2024-01-03 14:24:00,ios,corrupt_payload
E00686,U0146,bonus_trigger,2024-01-14 06:25:00,2024-01-28 02:20:00,ios,
E00687,U0149,session_start,2024-01-21 15:32:00,2024-01-20 15:27:00,android,corrupt_payload
E00688,U0097,bonus_trigger,2024-01-01 05:11:00,2024-01-02 18:15:00,ios,
E00689,U0053,bonus_trigger,2024-01-09 04:16:00,2024-01-23 14:57:00,ios,
E00690,U0047,spin,2024-01-01 16:50:00,2024-01-07 11:40:00,android,corrupt_payload
E00691,U0256,bonus_trigger,2024-01-15 23:47:00,2024-01-26 01:04:00,android,
E00692,U0075,session_start,2024-01-09 13:23:00,2024-01-03 18:32:00,android,
E00693,U0099,bonus_trigger,2024-01-27 13:01:00,2024-01-27 00:25:00,ios,
E00694,U0198,session_end,2024-01-08 01:08:00,2024-01-07 15:43:00,ios,
E00695,U0243,session_end,2024-01-22 10:39:00,2024-01-30 11:01:00,ios,
E00696,U0282,session_start,2024-01-09 16:25:00,2024-01-21 10:11:00,ios,corrupt_payload
E00697,U0027,spin,2024-01-04 08:03:00,2024-01-21 14:49:00,android,
E00698,U0086,bonus_trigger,2024-01-19 04:05:00,2024-01-13 08:17:00,ios,
E00699,U0298,session_end,2024-01-23 20:21:00,2024-01-05 12:40:00,ios,
E00700,U0081,session_end,2024-01-03 23:24:00,2024-01-20 11:33:00,ios,
E00701,U0183,spin,2024-01-23 18:18:00,2024-01-26 03:39:00,ios,corrupt_payload
E00702,U0120,bonus_trigger,2024-01-18 22:00:00,2024-01-25 11:51:00,android,
E00703,U0011,session_end,2024-01-12 04:35:00,2024-01-09 01:20:00,android,corrupt_payload
E00704,U0287,bonus_trigger,2024-01-18 23:47:00,2024-01-16 06:28:00,ios,corrupt_payload
E00705,U0166,session_end,2024-01-09 20:26:00,2024-01-30 18:55:00,ios,
E00706,U0272,spin,2024-01-15 10:05:00,2024-01-27 08:59:00,android,corrupt_payload
E00707,U0001,session_end,2024-01-24 06:19:00,2024-01-29 00:38:00,android,
E00708,U0165,session_start,2024-01-22 18:23:00,2024-01-27 13:13:00,ios,corrupt_payload
E00709,U0283,spin,2024-01-20 09:39:00,2024-01-11 13:59:00,android,
E00710,U0050,session_start,2024-01-02 04:25:00,2024-01-06 01:04:00,ios,
E00711,U0249,spin,2024-01-04 01:05:00,2024-01-19 21:54:00,android,corrupt_payload
E00712,U0270,bonus_trigger,2024-01-02 12:30:00,2024-01-08 20:40:00,ios,
E00713,U0107,session_end,2024-01-30 02:43:00,2024-01-15 21:48:00,ios,corrupt_payload
E00714,U0286,session_end,2024-01-27 12:35:00,2024-01-26 01:59:00,android,
E00715,U0037,bonus_trigger,2024-01-03 07:22:00,2024-01-17 03:18:00,ios,
E00716,U0273,session_end,2024-01-07 06:35:00,2024-01-17 22:25:00,ios,
E00717,U0286,session_end,2024-01-24 03:36:00,2024-01-25 21:47:00,android,corrupt_payload
E00718,U0219,session_start,2024-01-06 06:09:00,2024-01-18 13:42:00,android,
E00719,U0274,session_end,2024-01-30 12:01:00,2024-01-29 10:45:00,android,corrupt_payload
E00720,U0212,session_end,2024-01-27 11:02:00,2024-01-20 08:12:00,ios,corrupt_payload
E00721,U0282,bonus_trigger,2024-01-12 15:26:00,2024-01-15 13:33:00,ios,
E00722,U0146,session_start,2024-01-17 04:36:00,2024-01-29 10:18:00,ios,corrupt_payload
E00723,U0114,spin,2024-01-28 10:44:00,2024-01-01 23:32:00,android,
E00724,U0049,session_start,2024-01-15 12:08:00,2024-01-05 04:43:00,android,corrupt_payload
E00725,U0299,spin,2024-01-08 08:44:00,2024-01-26 10:15:00,ios,corrupt_payload
E00726,U0292,spin,2024-01-24 02:38:00,2024-01-24 11:04:00,android,
E00727,U0250,session_start,2024-01-20 21:55:00,2024-01-10 01:16:00,android,
E00728,U0029,bonus_trigger,2024-01-12 14:49:00,2024-01-14 04:06:00,ios,
E00729,U0196,session_start,2024-01-10 17:53:00,2024-01-02 10:53:00,ios,corrupt_payload
E00730,U0258,spin,2024-01-05 01:43:00,2024-01-22 13:24:00,android,
E00731,U0114,session_end,2024-01-10 13:27:00,2024-01-05 04:30:00,android,
E00732,U0244,session_start,2024-01-18 13:37:00,2024-01-09 02:54:00,android,corrupt_payload
E00733,U0067,spin,2024-01-16 19:05:00,2024-01-07 16:39:00,android,
E00734,U0288,spin,2024-01-08 02:26:00,2024-01-09 14:40:00,android,
E00735,U0058,session_end,2024-01-14 12:28:00,2024-01-12 06:30:00,android,corrupt_payload
E00736,U0013,bonus_trigger,2024-01-06 11:56:00,2024-01-20 15:05:00,ios,corrupt_payload
E00737,U0023,spin,2024-01-07 23:23:00,2024-01-12 05:19:00,ios,
E00738,U0028,spin,2024-01-20 05:02:00,2024-01-28 09:49:00,ios,corrupt_payload
E00739,U0057,bonus_trigger,2024-01-15 16:04:00,2024-01-01 11:19:00,ios,
E00740,U0105,bonus_trigger,2024-01-18 16:29:00,2024-01-20 04:49:00,ios,corrupt_payload
E00741,U0299,session_start,2024-01-09 05:48:00,2024-01-02 09:41:00,ios,corrupt_payload
E00742,U0028,session_end,2024-01-21 00:17:00,2024-01-03 13:15:00,android,corrupt_payload
E00743,U0056,session_start,2024-01-10 22:09:00,2024-01-13 07:53:00,android,
E00744,U0162,session_end,2024-01-28 20:22:00,2024-01-18 03:00:00,ios,
E00745,U0257,session_end,2024-01-18 00:44:00,2024-01-02 08:26:00,android,corrupt_payload
E00746,U0251,session_end,2024-01-24 05:21:00,2024-01-01 11:50:00,android,corrupt_payload
E00747,U0155,spin,2024-01-17 09:24:00,2024-01-26 02:06:00,android,corrupt_payload
E00748,U0016,bonus_trigger,2024-01-08 05:10:00,2024-01-11 13:24:00,ios,
E00749,U0196,spin,2024-01-14 08:12:00,2024-01-19 05:12:00,android,corrupt_payload
E00750,U0169,session_end,2024-01-18 04:29:00,2024-01-07 22:16:00,ios,
E00751,U0071,bonus_trigger,2024-01-23 17:52:00,2024-01-30 04:36:00,android,
E00752,U0290,spin,2024-01-11 02:18:00,2024-01-18 18:11:00,ios,
E00753,U0163,spin,2024-01-24 01:00:00,2024-01-25 10:52:00,android,corrupt_payload
E00754,U0156,session_end,2024-01-24 21:44:00,2024-01-30 09:20:00,ios,
E00755,U0055,spin,2024-01-06 00:53:00,2024-01-25 20:53:00,android,
E00756,U0119,spin,2024-01-22 00:53:00,2024-01-12 02:42:00,android,
E00757,U0258,session_end,2024-01-23 22:10:00,2024-01-12 06:16:00,android,corrupt_payload
E00758,U0243,spin,2024-01-06 06:35:00,2024-01-08 01:06:00,android,
E00759,U0139,session_end,2024-01-08 22:54:00,2024-01-07 06:58:00,ios,
E00760,U0225,session_end,2024-01-23 11:05:00,2024-01-28 15:37:00,ios,corrupt_payload
E00761,U0208,session_start,2024-01-20 12:59:00,2024-01-24 10:40:00,android,
E00762,U0267,session_start,2024-01-15 15:35:00,2024-01-27 01:26:00,ios,corrupt_payload
E00763,U0021,session_end,2024-01-17 21:31:00,2024-01-02 06:28:00,android,corrupt_payload
E00764,U0204,bonus_trigger,2024-01-25 09:45:00,2024-01-15 05:40:00,android,corrupt_payload
E00765,U0028,spin,2024-01-15 22:03:00,2024-01-15 03:05:00,ios,
E00766,U0300,spin,2024-01-13 14:06:00,2024-01-11 15:23:00,ios,
E00767,U0233,spin,2024-01-29 15:31:00,2024-01-03 08:32:00,android,
E00768,U0064,session_start,2024-01-04 15:20:00,2024-01-21 12:23:00,ios,corrupt_payload
E00769,U0262,spin,2024-01-13 18:47:00,2024-01-13 01:29:00,ios,corrupt_payload
E00770,U0290,spin,2024-01-06 04:56:00,2024-01-06 01:45:00,android,corrupt_payload
E00771,U0159,session_end,2024-01-10 21:22:00,2024-01-06 04:00:00,ios,
E00772,U0002,bonus_trigger,2024-01-01 15:39:00,2024-01-16 17:01:00,ios,corrupt_payload
E00773,U0122,spin,2024-01-19 22:30:00,2024-01-16 15:29:00,android,corrupt_payload
E00774,U0041,session_start,2024-01-08 18:40:00,2024-01-09 21:09:00,ios,
E00775,U0095,spin,2024-01-02 22:17:00,2024-01-12 01:15:00,ios,
E00776,U0296,bonus_trigger,2024-01-11 02:59:00,2024-01-02 03:43:00,android,
E00777,U0083,bonus_trigger,2024-01-20 22:33:00,2024-01-23 23:53:00,ios,corrupt_payload
E00778,U0297,bonus_trigger,2024-01-30 01:13:00,2024-01-03 10:12:00,android,corrupt_payload
E00779,U0195,session_start,2024-01-25 14:35:00,2024-01-27 18:47:00,ios,corrupt_payload
E00780,U0242,spin,2024-01-04 23:42:00,2024-01-28 09:22:00,android,corrupt_payload
E00781,U0269,spin,2024-01-23 07:08:00,2024-01-20 01:59:00,ios,
E00782,U0248,bonus_trigger,2024-01-14 20:46:00,2024-01-28 10:48:00,android,corrupt_payload
E00783,U0067,session_end,2024-01-17 21:34:00,2024-01-16 16:48:00,ios,
E00784,U0149,spin,2024-01-01 04:02:00,2024-01-01 15:52:00,ios,
E00785,U0213,session_end,2024-01-02 11:23:00,2024-01-12 19:07:00,ios,
E00786,U0104,bonus_trigger,2024-01-09 02:18:00,2024-01-10 10:14:00,android,
E00787,U0059,bonus_trigger,2024-01-11 13:31:00,2024-01-24 19:25:00,ios,
E00788,U0100,bonus_trigger,2024-01-27 11:32:00,2024-01-30 22:57:00,android,corrupt_payload
E00789,U0019,spin,2024-01-16 05:18:00,2024-01-21 15:43:00,android,corrupt_payload
E00790,U0212,session_start,2024-01-27 17:47:00,2024-01-10 19:17:00,android,
E00791,U0107,bonus_trigger,2024-01-26 12:04:00,2024-01-03 05:05:00,android,
E00792,U0174,session_end,2024-01-21 18:14:00,2024-01-27 05:39:00,android,
E00793,U0060,bonus_trigger,2024-01-23 10:44:00,2024-01-23 01:04:00,android,corrupt_payload
E00794,U0045,session_end,2024-01-29 08:06:00,2024-01-12 15:25:00,android,
E00795,U0269,bonus_trigger,2024-01-06 03:49:00,2024-01-12 01:16:00,ios,
E00796,U0228,session_start,2024-01-26 16:28:00,2024-01-29 17:04:00,ios,
E00797,U0175,session_end,2024-01-24 17:52:00,2024-01-10 11:10:00,ios,
E00798,U0265,spin,2024-01-07 01:14:00,2024-01-15 13:13:00,ios,
E00799,U0160,session_start,2024-01-22 20:17:00,2024-01-28 02:58:00,android,corrupt_payload
E00800,U0024,session_start,2024-01-17 22:29:00,2024-01-24 10:39:00,ios,corrupt_payload
E00801,U0108,bonus_trigger,2024-01-07 06:34:00,2024-01-10 09:26:00,android,corrupt_payload
E00802,U0061,bonus_trigger,2024-01-05 05:22:00,2024-01-09 03:54:00,ios,
E00803,U0106,bonus_trigger,2024-01-18 10:52:00,2024-01-09 04:49:00,android,
E00804,U0088,session_start,2024-01-10 20:55:00,2024-01-29 11:33:00,android,
E00805,U0067,session_start,2024-01-16 23:03:00,2024-01-02 03:36:00,android,
E00806,U0045,session_end,2024-01-13 06:06:00,2024-01-23 20:20:00,android,corrupt_payload
E00807,U0160,bonus_trigger,2024-01-27 06:45:00,2024-01-23 22:53:00,ios,corrupt_payload
E00808,U0291,spin,2024-01-03 23:50:00,2024-01-15 03:19:00,android,corrupt_payload
E00809,U0239,session_end,2024-01-08 07:38:00,2024-01-05 21:03:00,android,corrupt_payload
E00810,U0201,spin,2024-01-23 22:42:00,2024-01-11 11:05:00,android,corrupt_payload
E00811,U0016,session_start,2024-01-16 03:51:00,2024-01-12 16:20:00,android,
E00812,U0145,bonus_trigger,2024-01-20 19:36:00,2024-01-05 17:20:00,ios,corrupt_payload
E00813,U0055,bonus_trigger,2024-01-18 22:10:00,2024-01-03 10:18:00,android,corrupt_payload
E00814,U0212,spin,2024-01-20 08:19:00,2024-01-18 05:25:00,android,corrupt_payload
E00815,U0034,bonus_trigger,2024-01-07 23:41:00,2024-01-19 14:42:00,android,corrupt_payload
E00816,U0279,spin,2024-01-06 22:37:00,2024-01-22 02:39:00,android,
E00817,U0238,bonus_trigger,2024-01-18 03:19:00,2024-01-27 15:11:00,ios,corrupt_payload
E00818,U0208,session_start,2024-01-20 03:42:00,2024-01-22 20:21:00,android,corrupt_payload
E00819,U0254,session_start,2024-01-03 07:25:00,2024-01-27 04:44:00,ios,
E00820,U0077,session_end,2024-01-18 09:56:00,2024-01-13 21:00:00,android,
E00821,U0106,bonus_trigger,2024-01-10 19:27:00,2024-01-26 23:11:00,android,corrupt_payload
E00822,U0177,session_start,2024-01-19 00:16:00,2024-01-20 17:25:00,android,
E00823,U0151,session_start,2024-01-12 18:44:00,2024-01-02 00:01:00,android,
E00824,U0145,session_start,2024-01-08 14:44:00,2024-01-23 20:08:00,android,corrupt_payload
E00825,U0196,session_end,2024-01-13 14:51:00,2024-01-18 07:12:00,ios,corrupt_payload
E00826,U0072,spin,2024-01-18 13:07:00,2024-01-27 12:17:00,android,
E00827,U0148,spin,2024-01-05 00:23:00,2024-01-03 22:07:00,ios,
E00828,U0250,session_end,2024-01-05 02:53:00,2024-01-05 21:55:00,android,corrupt_payload
E00829,U0218,spin,2024-01-15 17:23:00,2024-01-14 18:50:00,android,corrupt_payload
E00830,U0182,spin,2024-01-06 14:29:00,2024-01-20 00:15:00,android,
E00831,U0257,bonus_trigger,2024-01-14 18:38:00,2024-01-19 12:31:00,ios,
E00832,U0291,session_end,2024-01-23 12:34:00,2024-01-04 19:48:00,android,
E00833,U0073,bonus_trigger,2024-01-15 17:38:00,2024-01-03 17:51:00,ios,
E00834,U0242,session_start,2024-01-22 21:37:00,2024-01-18 19:47:00,android,
E00835,U0176,session_start,2024-01-16 15:29:00,2024-01-17 16:00:00,android,corrupt_payload
E00836,U0181,bonus_trigger,2024-01-10 05:43:00,2024-01-02 23:43:00,android,corrupt_payload
E00837,U0032,session_end,2024-01-19 05:46:00,2024-01-19 01:45:00,android,
E00838,U0147,session_end,2024-01-03 04:19:00,2024-01-17 02:37:00,android,corrupt_payload
E00839,U0068,bonus_trigger,2024-01-09 08:46:00,2024-01-01 03:48:00,ios,
E00840,U0229,bonus_trigger,2024-01-26 05:59:00,2024-01-09 23:55:00,ios,corrupt_payload
E00841,U0093,session_start,2024-01-11 02:52:00,2024-01-05 20:19:00,ios,corrupt_payload
E00842,U0212,session_end,2024-01-08 22:33:00,2024-01-15 21:45:00,ios,
E00843,U0296,bonus_trigger,2024-01-02 21:55:00,2024-01-09 03:57:00,ios,
E00844,U0238,session_end,2024-01-16 10:17:00,2024-01-16 18:10:00,ios,corrupt_payload
E00845,U0200,session_end,2024-01-09 04:57:00,2024-01-17 14:50:00,ios,corrupt_payload
E00846,U0230,session_end,2024-01-22 10:46:00,2024-01-17 23:18:00,ios,
E00847,U0273,bonus_trigger,2024-01-28 14:44:00,2024-01-20 22:15:00,android,corrupt_payload
E00848,U0139,bonus_trigger,2024-01-26 03:21:00,2024-01-09 22:20:00,android,corrupt_payload
E00849,U0124,spin,2024-01-17 11:31:00,2024-01-22 23:33:00,ios,corrupt_payload
E00850,U0281,session_start,2024-01-22 00:17:00,2024-01-27 02:19:00,ios,corrupt_payload
E00851,U0051,session_start,2024-01-22 15:13:00,2024-01-12 07:29:00,android,corrupt_payload
E00852,U0099,session_start,2024-01-01 21:08:00,2024-01-03 01:56:00,ios,
E00853,U0062,session_start,2024-01-28 20:38:00,2024-01-05 12:49:00,ios,
E00854,U0095,bonus_trigger,2024-01-10 15:56:00,2024-01-22 02:35:00,android,corrupt_payload
E00855,U0219,bonus_trigger,2024-01-09 05:31:00,2024-01-25 02:31:00,android,
E00856,U0196,session_end,2024-01-11 02:03:00,2024-01-09 09:02:00,ios,corrupt_payload
E00857,U0036,session_end,2024-01-30 06:50:00,2024-01-20 13:24:00,ios,corrupt_payload
E00858,U0056,spin,2024-01-18 14:43:00,2024-01-07 20:57:00,ios,corrupt_payload
E00859,U0133,session_start,2024-01-02 02:29:00,2024-01-03 19:30:00,android,corrupt_payload
E00860,U0010,session_end,2024-01-05 22:17:00,2024-01-21 00:01:00,ios,corrupt_payload
E00861,U0137,spin,2024-01-23 11:15:00,2024-01-29 13:21:00,ios,corrupt_payload
E00862,U0245,session_end,2024-01-13 02:23:00,2024-01-18 07:42:00,ios,corrupt_payload
E00863,U0247,session_start,2024-01-19 18:16:00,2024-01-30 12:15:00,android,corrupt_payload
E00864,U0206,session_start,2024-01-21 22:05:00,2024-01-03 12:28:00,android,
E00865,U0236,bonus_trigger,2024-01-21 06:55:00,2024-01-06 18:55:00,ios,corrupt_payload
E00866,U0098,bonus_trigger,2024-01-23 13:18:00,2024-01-29 03:38:00,android,corrupt_payload
E00867,U0044,session_end,2024-01-24 06:28:00,2024-01-05 01:13:00,ios,
E00868,U0123,session_end,2024-01-13 02:09:00,2024-01-26 18:27:00,android,corrupt_payload
E00869,U0274,session_end,2024-01-01 01:15:00,2024-01-11 01:54:00,android,
E00870,U0208,session_start,2024-01-07 22:19:00,2024-01-22 17:51:00,android,
E00871,U0297,spin,2024-01-30 02:27:00,2024-01-02 04:49:00,android,
E00872,U0242,session_start,2024-01-08 23:56:00,2024-01-21 04:27:00,ios,
E00873,U0026,bonus_trigger,2024-01-27 03:19:00,2024-01-15 20:51:00,ios,
E00874,U0055,session_start,2024-01-16 20:18:00,2024-01-26 21:00:00,ios,
E00875,U0104,session_end,2024-01-11 23:09:00,2024-01-13 11:04:00,ios,
E00876,U0165,spin,2024-01-25 01:33:00,2024-01-19 05:55:00,android,
E00877,U0062,bonus_trigger,2024-01-05 14:10:00,2024-01-06 23:46:00,android,
E00878,U0225,spin,2024-01-30 19:51:00,2024-01-02 04:33:00,ios,corrupt_payload
E00879,U0081,session_start,2024-01-29 16:37:00,2024-01-03 00:13:00,ios,
E00880,U0046,bonus_trigger,2024-01-14 23:40:00,2024-01-26 16:14:00,ios,
E00881,U0074,bonus_trigger,2024-01-17 15:22:00,2024-01-14 08:09:00,ios,
E00882,U0093,session_end,2024-01-20 03:00:00,2024-01-21 10:16:00,android,corrupt_payload
E00883,U0003,spin,2024-01-07 04:00:00,2024-01-17 03:15:00,android,
E00884,U0238,spin,2024-01-09 01:48:00,2024-01-07 03:50:00,ios,corrupt_payload
E00885,U0255,spin,2024-01-06 22:52:00,2024-01-30 01:28:00,ios,corrupt_payload
E00886,U0146,spin,2024-01-14 08:34:00,2024-01-11 21:03:00,android,
E00887,U0054,session_start,2024-01-30 18:20:00,2024-01-06 05:23:00,ios,corrupt_payload
E00888,U0264,session_start,2024-01-03 08:01:00,2024-01-24 15:10:00,android,corrupt_payload
E00889,U0102,bonus_trigger,2024-01-08 03:45:00,2024-01-11 07:46:00,ios,
E00890,U0212,spin,2024-01-13 07:31:00,2024-01-03 16:04:00,android,
E00891,U0224,spin,2024-01-07 20:48:00,2024-01-15 06:04:00,android,corrupt_payload
E00892,U0070,session_end,2024-01-24 06:37:00,2024-01-21 12:14:00,android,
E00893,U0172,spin,2024-01-02 23:37:00,2024-01-19 02:02:00,android,
E00894,U0057,session_end,2024-01-15 14:16:00,2024-01-06 11:43:00,ios,corrupt_payload
E00895,U0081,spin,2024-01-19 18:52:00,2024-01-28 07:50:00,ios,corrupt_payload
E00896,U0268,session_end,2024-01-28 07:23:00,2024-01-19 16:09:00,android,corrupt_payload
E00897,U0008,session_end,2024-01-24 08:25:00,2024-01-08 11:10:00,android,
E00898,U0077,session_start,2024-01-14 01:30:00,2024-01-02 16:03:00,ios,corrupt_payload
E00899,U0272,session_end,2024-01-16 23:46:00,2024-01-27 03:20:00,android,corrupt_payload
E00900,U0124,session_start,2024-01-18 00:25:00,2024-01-23 13:52:00,ios,
E00901,U0184,bonus_trigger,2024-01-08 22:06:00,2024-01-03 00:32:00,android,corrupt_payload
E00902,U0083,session_end,2024-01-28 19:28:00,2024-01-24 19:55:00,ios,corrupt_payload
E00903,U0238,spin,2024-01-29 00:00:00,2024-01-13 06:18:00,android,corrupt_payload
E00904,U0001,session_start,2024-01-13 23:34:00,2024-01-11 18:07:00,ios,corrupt_payload
E00905,U0219,bonus_trigger,2024-01-23 20:54:00,2024-01-18 19:38:00,ios,
E00906,U0172,session_start,2024-01-17 23:01:00,2024-01-12 01:45:00,ios,corrupt_payload
E00907,U0188,session_end,2024-01-20 01:23:00,2024-01-12 12:30:00,ios,
E00908,U0288,spin,2024-01-05 11:25:00,2024-01-08 18:25:00,ios,corrupt_payload
E00909,U0298,spin,2024-01-25 07:41:00,2024-01-11 12:02:00,android,corrupt_payload
E00910,U0142,session_start,2024-01-03 12:43:00,2024-01-12 15:26:00,android,
E00911,U0241,bonus_trigger,2024-01-15 21:11:00,2024-01-12 22:58:00,ios,
E00912,U0235,session_start,2024-01-03 13:20:00,2024-01-29 06:06:00,android,
E00913,U0056,spin,2024-01-09 03:49:00,2024-01-23 05:03:00,android,
E00914,U0105,session_start,2024-01-10 14:13:00,2024-01-22 18:28:00,ios,corrupt_payload
E00915,U0178,session_end,2024-01-15 22:00:00,2024-01-01 09:57:00,ios,
E00916,U0012,spin,2024-01-27 17:44:00,2024-01-21 11:27:00,android,corrupt_payload
E00917,U0168,session_end,2024-01-19 22:43:00,2024-01-23 18:05:00,android,corrupt_payload
E00918,U0156,spin,2024-01-29 10:27:00,2024-01-06 08:52:00,ios,corrupt_payload
E00919,U0191,bonus_trigger,2024-01-25 01:36:00,2024-01-05 12:03:00,android,corrupt_payload
E00920,U0086,spin,2024-01-23 18:16:00,2024-01-10 06:13:00,ios,
E00921,U0083,spin,2024-01-04 01:24:00,2024-01-11 19:36:00,ios,corrupt_payload
E00922,U0134,bonus_trigger,2024-01-06 07:00:00,2024-01-18 01:11:00,android,corrupt_payload
E00923,U0076,bonus_trigger,2024-01-15 18:25:00,2024-01-06 18:12:00,android,
E00924,U0013,session_end,2024-01-30 17:02:00,2024-01-25 04:57:00,android,corrupt_payload
E00925,U0080,session_start,2024-01-24 18:38:00,2024-01-17 11:18:00,android,corrupt_payload
E00926,U0149,spin,2024-01-26 19:17:00,2024-01-24 15:05:00,android,
E00927,U0246,session_start,2024-01-05 23:08:00,2024-01-18 03:59:00,android,
E00928,U0206,spin,2024-01-15 12:11:00,2024-01-03 11:08:00,ios,
E00929,U0299,spin,2024-01-26 09:29:00,2024-01-07 00:46:00,ios,corrupt_payload
E00930,U0045,session_end,2024-01-07 16:44:00,2024-01-11 20:35:00,ios,corrupt_payload
E00931,U0204,spin,2024-01-23 14:35:00,2024-01-12 13:10:00,android,
E00932,U0146,bonus_trigger,2024-01-12 10:30:00,2024-01-15 19:08:00,ios,
E00933,U0228,session_end,2024-01-26 15:06:00,2024-01-10 05:35:00,android,corrupt_payload
E00934,U0072,session_start,2024-01-05 07:05:00,2024-01-10 16:12:00,android,
E00935,U0193,session_start,2024-01-01 13:58:00,2024-01-21 09:19:00,android,
E00936,U0285,session_end,2024-01-23 19:23:00,2024-01-25 04:40:00,ios,
E00937,U0196,bonus_trigger,2024-01-18 16:44:00,2024-01-02 10:18:00,android,corrupt_payload
E00938,U0287,session_end,2024-01-08 00:54:00,2024-01-26 00:05:00,ios,corrupt_payload
E00939,U0154,session_end,2024-01-04 22:19:00,2024-01-22 09:49:00,android,
E00940,U0252,spin,2024-01-01 04:04:00,2024-01-25 09:27:00,android,
E00941,U0186,session_end,2024-01-19 14:53:00,2024-01-28 08:48:00,android,
E00942,U0192,session_start,2024-01-28 08:51:00,2024-01-06 19:51:00,ios,
E00943,U0164,session_end,2024-01-29 23:39:00,2024-01-05 12:11:00,ios,
E00944,U0140,bonus_trigger,2024-01-14 21:43:00,2024-01-30 12:09:00,ios,corrupt_payload
E00945,U0150,session_start,2024-01-17 06:36:00,2024-01-25 21:26:00,ios,
E00946,U0086,bonus_trigger,2024-01-28 10:47:00,2024-01-27 23:22:00,android,corrupt_payload
E00947,U0186,session_start,2024-01-18 19:47:00,2024-01-12 04:54:00,ios,
E00948,U0266,bonus_trigger,2024-01-12 16:33:00,2024-01-14 11:36:00,ios,
E00949,U0112,spin,2024-01-17 07:32:00,2024-01-27 06:25:00,ios,corrupt_payload
E00950,U0236,session_start,2024-01-04 04:28:00,2024-01-30 00:35:00,android,corrupt_payload
E00951,U0160,bonus_trigger,2024-01-05 15:05:00,2024-01-29 20:23:00,android,
E00952,U0156,session_start,2024-01-24 04:02:00,2024-01-08 04:23:00,ios,
E00953,U0158,spin,2024-01-07 04:26:00,2024-01-03 14:30:00,ios,
E00954,U0010,session_end,2024-01-25 14:43:00,2024-01-02 06:42:00,ios,
E00955,U0263,session_start,2024-01-16 04:03:00,2024-01-30 08:38:00,ios,
E00956,U0155,session_start,2024-01-25 03:17:00,2024-01-26 04:13:00,ios,
E00957,U0095,bonus_trigger,2024-01-01 03:05:00,2024-01-05 09:28:00,android,corrupt_payload
E00958,U0083,spin,2024-01-17 19:27:00,2024-01-03 03:22:00,ios,
E00959,U0099,bonus_trigger,2024-01-06 18:20:00,2024-01-01 03:22:00,ios,corrupt_payload
E00960,U0188,spin,2024-01-15 22:59:00,2024-01-04 06:10:00,android,corrupt_payload
E00961,U0218,spin,2024-01-17 07:46:00,2024-01-14 03:51:00,android,
E00962,U0239,session_start,2024-01-17 04:38:00,2024-01-16 12:19:00,android,
E00963,U0043,bonus_trigger,2024-01-16 03:56:00,2024-01-13 09:40:00,android,corrupt_payload
E00964,U0228,spin,2024-01-18 13:54:00,2024-01-10 14:36:00,ios,
E00965,U0244,bonus_trigger,2024-01-06 00:26:00,2024-01-22 16:46:00,ios,corrupt_payload
E00966,U0225,session_start,2024-01-04 04:53:00,2024-01-13 13:40:00,ios,
E00967,U0034,bonus_trigger,2024-01-07 11:33:00,2024-01-07 20:18:00,android,
E00968,U0120,session_end,2024-01-24 17:02:00,2024-01-09 19:51:00,android,corrupt_payload
E00969,U0183,session_end,2024-01-22 20:35:00,2024-01-13 16:32:00,android,
E00970,U0233,session_start,2024-01-04 08:33:00,2024-01-16 16:58:00,ios,
E00971,U0016,session_start,2024-01-24 01:48:00,2024-01-27 02:19:00,android,
E00972,U0092,session_end,2024-01-20 23:11:00,2024-01-11 05:12:00,android,
E00973,U0040,session_end,2024-01-26 15:54:00,2024-01-07 10:01:00,android,corrupt_payload
E00974,U0259,bonus_trigger,2024-01-18 11:43:00,2024-01-26 18:27:00,ios,
E00975,U0221,session_start,2024-01-13 15:21:00,2024-01-11 12:50:00,android,corrupt_payload
E00976,U0019,session_start,2024-01-06 19:00:00,2024-01-22 10:20:00,ios,corrupt_payload
E00977,U0221,spin,2024-01-10 13:16:00,2024-01-16 03:44:00,android,corrupt_payload
E00978,U0244,spin,2024-01-17 01:54:00,2024-01-13 08:59:00,android,corrupt_payload
E00979,U0181,bonus_trigger,2024-01-11 02:05:00,2024-01-01 20:09:00,ios,
E00980,U0188,bonus_trigger,2024-01-26 19:55:00,2024-01-01 21:20:00,android,corrupt_payload
E00981,U0050,session_end,2024-01-12 12:11:00,2024-01-14 11:59:00,ios,
E00982,U0127,spin,2024-01-21 10:39:00,2024-01-19 02:53:00,ios,corrupt_payload
E00983,U0059,bonus_trigger,2024-01-06 00:40:00,2024-01-18 11:07:00,ios,corrupt_payload
E00984,U0217,session_end,2024-01-09 00:41:00,2024-01-23 16:01:00,ios,corrupt_payload
E00985,U0194,session_end,2024-01-11 19:32:00,2024-01-04 16:40:00,ios,
E00986,U0173,session_end,2024-01-17 22:46:00,2024-01-11 05:41:00,android,corrupt_payload
E00987,U0224,spin,2024-01-16 21:41:00,2024-01-28 02:34:00,ios,corrupt_payload
E00988,U0136,session_start,2024-01-10 19:34:00,2024-01-13 07:42:00,ios,
E00989,U0173,bonus_trigger,2024-01-03 19:20:00,2024-01-26 18:07:00,android,corrupt_payload
E00990,U0108,bonus_trigger,2024-01-26 02:37:00,2024-01-21 10:18:00,android,corrupt_payload
E00991,U0277,bonus_trigger,2024-01-07 14:08:00,2024-01-13 08:34:00,android,
E00992,U0010,spin,2024-01-19 17:02:00,2024-01-07 22:33:00,android,corrupt_payload
E00993,U0273,session_end,2024-01-30 19:19:00,2024-01-24 21:23:00,ios,
E00994,U0187,session_end,2024-01-05 08:12:00,2024-01-05 23:23:00,android,corrupt_payload
E00995,U0211,bonus_trigger,2024-01-28 02:11:00,2024-01-21 06:56:00,android,corrupt_payload
E00996,U0147,spin,2024-01-09 23:26:00,2024-01-20 08:03:00,android,
E00997,U0059,spin,2024-01-07 00:56:00,2024-01-08 10:35:00,android,corrupt_payload
E00998,U0287,session_end,2024-01-14 22:04:00,2024-01-29 01:15:00,ios,
E00999,U0140,spin,2024-01-01 08:49:00,2024-01-26 09:28:00,ios,
