session_id,user_id,session_start_ts,session_end_ts,session_length_sec,platform,app_version,crashed
S00000,U0175,2024-01-25 16:35:00,2024-01-25 16:53:00,1080.0,ios,1.0.1,False
S00001,U0052,2024-01-17 18:25:00,2024-01-17 19:33:00,4080.0,ios,1.1.0,False
S00002,U0068,2024-01-20 12:51:00,2024-01-20 13:15:00,1440.0,ios,1.1.0,False
S00003,U0023,2024-01-14 12:26:00,2024-01-14 12:57:00,1860.0,android,1.1.0,False
S00004,U0230,2024-01-08 18:13:00,2024-01-08 19:14:00,3660.0,ios,1.0.2,False
S00005,U0237,2024-01-25 09:37:00,2024-01-25 10:42:00,3900.0,android,1.0.1,True
S00006,U0071,2024-01-28 08:32:00,,,android,1.0.2,True
S00007,U0265,2024-01-28 04:15:00,2024-01-28 04:36:00,1260.0,android,1.0.2,True
S00008,U0224,2024-01-03 07:34:00,2024-01-03 08:19:00,2700.0,ios,1.0.2,True
S00009,U0203,2024-01-17 12:45:00,2024-01-17 12:56:00,660.0,android,1.0.1,True
S00010,U0164,2024-01-30 03:22:00,2024-01-30 04:46:00,5040.0,android,1.0.1,True
S00011,U0020,2024-01-10 16:07:00,2024-01-10 16:25:00,1080.0,android,1.0.2,True
S00012,U0041,2024-01-01 08:44:00,2024-01-01 09:04:00,1200.0,android,1.0.1,False
S00013,U0122,2024-01-10 04:09:00,,,android,1.1.0,False
S00014,U0033,2024-01-04 17:03:00,2024-01-04 17:06:00,180.0,ios,1.1.0,True
S00015,U0150,2024-01-14 00:03:00,2024-01-14 00:34:00,1860.0,android,1.0.1,True
S00016,U0269,2024-01-12 02:18:00,2024-01-12 03:28:00,4200.0,ios,1.0.2,False
S00017,U0023,2024-01-21 13:12:00,2024-01-21 13:45:00,1980.0,ios,1.0.2,True
S00018,U0177,2024-01-08 22:25:00,2024-01-08 23:40:00,4500.0,android,1.0.1,True
S00019,U0181,2024-01-18 11:33:00,2024-01-18 11:56:00,1380.0,android,1.1.0,False
S00020,U0094,2024-01-26 04:36:00,,,android,1.0.1,False
S00021,U0104,2024-01-02 06:48:00,2024-01-02 07:29:00,2460.0,android,1.1.0,False
S00022,U0279,2024-01-16 08:38:00,,,ios,1.0.2,False
S00023,U0025,2024-01-28 22:22:00,2024-01-28 22:38:00,960.0,android,1.0.2,False
S00024,U0226,2024-01-29 13:11:00,2024-01-29 13:35:00,1440.0,android,1.1.0,False
S00025,U0189,2024-01-30 17:43:00,2024-01-30 17:54:00,660.0,android,1.0.1,False
S00026,U0093,2024-01-18 10:01:00,2024-01-18 10:12:00,660.0,android,1.1.0,False
S00027,U0157,2024-01-15 20:34:00,2024-01-15 20:56:00,1320.0,android,1.0.2,False
S00028,U0022,2024-01-24 12:02:00,2024-01-24 12:58:00,3360.0,android,1.1.0,True
S00029,U0039,2024-01-22 21:45:00,2024-01-22 22:51:00,3960.0,ios,1.0.1,True
S00030,U0225,2024-01-02 04:18:00,,,android,1.0.2,False
S00031,U0291,2024-01-02 20:39:00,2024-01-02 21:37:00,3480.0,android,1.0.2,False
S00032,U0040,2024-01-19 04:41:00,2024-01-19 05:32:00,3060.0,android,1.1.0,False
S00033,U0128,2024-01-04 00:53:00,2024-01-04 01:57:00,3840.0,android,1.1.0,True
S00034,U0135,2024-01-25 08:53:00,2024-01-25 09:21:00,1680.0,android,1.1.0,False
S00035,U0103,2024-01-04 04:37:00,2024-01-04 05:35:00,3480.0,ios,1.1.0,False
S00036,U0045,2024-01-26 23:16:00,2024-01-26 23:57:00,2460.0,android,1.1.0,True
S00037,U0282,2024-01-18 09:54:00,2024-01-18 10:15:00,1260.0,ios,1.0.2,True
S00038,U0063,2024-01-07 04:44:00,2024-01-07 05:48:00,3840.0,ios,1.0.2,False
S00039,U0240,2024-01-26 18:49:00,2024-01-26 19:01:00,720.0,ios,1.0.2,False
S00040,U0246,2024-01-17 14:01:00,2024-01-17 15:15:00,4440.0,ios,1.0.1,False
S00041,U0038,2024-01-15 15:54:00,2024-01-15 16:39:00,2700.0,ios,1.1.0,True
S00042,U0067,2024-01-14 17:09:00,2024-01-14 17:17:00,480.0,ios,1.1.0,True
S00043,U0156,2024-01-06 05:31:00,2024-01-06 06:00:00,1740.0,android,1.1.0,False
S00044,U0041,2024-01-09 06:42:00,2024-01-09 07:53:00,4260.0,android,1.0.1,False
S00045,U0274,2024-01-03 17:09:00,2024-01-03 18:25:00,4560.0,ios,1.0.1,False
S00046,U0289,2024-01-02 00:58:00,,,android,1.1.0,True
S00047,U0293,2024-01-14 21:05:00,2024-01-14 22:09:00,3840.0,android,1.1.0,False
S00048,U0248,2024-01-08 23:22:00,2024-01-09 00:21:00,3540.0,ios,1.1.0,True
S00049,U0081,2024-01-15 14:11:00,2024-01-15 14:38:00,1620.0,android,1.1.0,True
S00050,U0161,2024-01-28 10:53:00,2024-01-28 11:38:00,2700.0,android,1.0.1,False
S00051,U0264,2024-01-18 03:37:00,2024-01-18 04:37:00,3600.0,ios,1.0.2,False
S00052,U0127,2024-01-05 03:18:00,,,android,1.1.0,False
S00053,U0128,2024-01-28 05:27:00,2024-01-28 06:41:00,4440.0,android,1.0.1,True
S00054,U0256,2024-01-17 15:56:00,2024-01-17 16:36:00,2400.0,android,1.0.1,True
S00055,U0202,2024-01-17 15:36:00,2024-01-17 16:04:00,1680.0,android,1.0.1,True
S00056,U0145,2024-01-16 20:23:00,2024-01-16 21:47:00,5040.0,android,1.0.2,True
S00057,U0056,2024-01-14 04:34:00,2024-01-14 05:21:00,2820.0,android,1.0.2,True
S00058,U0206,2024-01-02 19:27:00,2024-01-02 20:14:00,2820.0,android,1.0.1,False
S00059,U0259,2024-01-15 18:46:00,2024-01-15 20:06:00,4800.0,ios,1.0.1,True
S00060,U0202,2024-01-12 11:34:00,2024-01-12 12:21:00,2820.0,ios,1.0.1,False
S00061,U0257,2024-01-02 01:32:00,,,android,1.0.2,False
S00062,U0077,2024-01-20 17:35:00,2024-01-20 18:54:00,4740.0,android,1.0.1,False
S00063,U0154,2024-01-19 11:28:00,2024-01-19 12:34:00,3960.0,android,1.1.0,False
S00064,U0244,2024-01-27 00:34:00,2024-01-27 02:01:00,5220.0,ios,1.0.2,False
S00065,U0014,2024-01-20 16:11:00,2024-01-20 17:35:00,5040.0,ios,1.1.0,True
S00066,U0299,2024-01-16 05:49:00,2024-01-16 07:09:00,4800.0,android,1.0.1,True
S00067,U0017,2024-01-19 23:54:00,2024-01-19 23:57:00,180.0,android,1.0.2,False
S00068,U0078,2024-01-14 23:34:00,2024-01-15 00:39:00,3900.0,android,1.1.0,True
S00069,U0071,2024-01-17 07:04:00,2024-01-17 08:29:00,5100.0,android,1.1.0,False
S00070,U0161,2024-01-06 15:41:00,2024-01-06 16:25:00,2640.0,android,1.1.0,False
S00071,U0248,2024-01-07 08:24:00,2024-01-07 09:03:00,2340.0,ios,1.0.2,False
S00072,U0107,2024-01-23 16:41:00,2024-01-23 17:26:00,2700.0,android,1.0.2,True
S00073,U0294,2024-01-22 18:32:00,2024-01-22 19:23:00,3060.0,android,1.0.1,False
S00074,U0022,2024-01-10 02:41:00,2024-01-10 03:38:00,3420.0,android,1.1.0,False
S00075,U0110,2024-01-07 18:23:00,2024-01-07 19:35:00,4320.0,android,1.0.1,True
S00076,U0123,2024-01-08 01:43:00,2024-01-08 02:51:00,4080.0,ios,1.1.0,True
S00077,U0027,2024-01-04 14:06:00,2024-01-04 15:07:00,3660.0,ios,1.1.0,True
S00078,U0003,2024-01-18 05:23:00,2024-01-18 06:24:00,3660.0,android,1.1.0,True
S00079,U0148,2024-01-11 09:44:00,2024-01-11 09:56:00,720.0,ios,1.1.0,True
S00080,U0090,2024-01-14 06:00:00,2024-01-14 06:05:00,300.0,android,1.0.2,True
S00081,U0149,2024-01-29 01:16:00,,,ios,1.0.2,False
S00082,U0233,2024-01-21 18:32:00,2024-01-21 18:50:00,1080.0,android,1.0.2,True
S00083,U0058,2024-01-11 05:32:00,2024-01-11 06:55:00,4980.0,android,1.1.0,True
S00084,U0008,2024-01-24 11:30:00,2024-01-24 12:43:00,4380.0,ios,1.0.1,False
S00085,U0219,2024-01-17 11:11:00,,,ios,1.0.1,True
S00086,U0245,2024-01-11 08:28:00,,,android,1.0.1,False
S00087,U0137,2024-01-11 10:18:00,2024-01-11 11:32:00,4440.0,ios,1.0.2,False
S00088,U0121,2024-01-02 22:47:00,2024-01-02 23:27:00,2400.0,ios,1.0.2,False
S00089,U0061,2024-01-21 10:04:00,2024-01-21 10:33:00,1740.0,ios,1.0.1,False
S00090,U0079,2024-01-15 20:40:00,2024-01-15 22:10:00,5400.0,android,1.1.0,True
S00091,U0127,2024-01-22 20:20:00,2024-01-22 20:31:00,660.0,android,1.1.0,False
S00092,U0040,2024-01-30 19:15:00,2024-01-30 20:26:00,4260.0,ios,1.1.0,True
S00093,U0085,2024-01-11 17:45:00,2024-01-11 19:13:00,5280.0,ios,1.1.0,False
S00094,U0047,2024-01-29 17:25:00,2024-01-29 17:33:00,480.0,android,1.0.1,False
S00095,U0234,2024-01-19 01:58:00,2024-01-19 03:25:00,5220.0,android,1.1.0,True
S00096,U0203,2024-01-09 00:06:00,2024-01-09 01:21:00,4500.0,ios,1.0.1,False
S00097,U0177,2024-01-23 02:10:00,2024-01-23 02:18:00,480.0,ios,1.0.2,True
S00098,U0147,2024-01-14 06:08:00,2024-01-14 07:31:00,4980.0,android,1.0.2,False
S00099,U0230,2024-01-28 12:53:00,2024-01-28 14:21:00,5280.0,ios,1.1.0,False
S00100,U0061,2024-01-06 18:20:00,2024-01-06 18:37:00,1020.0,ios,1.0.1,True
S00101,U0153,2024-01-15 22:59:00,2024-01-15 23:54:00,3300.0,android,1.0.1,True
S00102,U0236,2024-01-12 05:17:00,2024-01-12 05:32:00,900.0,ios,1.1.0,False
S00103,U0009,2024-01-08 07:02:00,,,ios,1.0.2,True
S00104,U0126,2024-01-24 01:30:00,2024-01-24 02:00:00,1800.0,ios,1.0.1,True
S00105,U0258,2024-01-10 07:59:00,2024-01-10 09:13:00,4440.0,android,1.1.0,False
S00106,U0122,2024-01-10 04:53:00,2024-01-10 06:00:00,4020.0,ios,1.0.2,False
S00107,U0141,2024-01-02 19:00:00,2024-01-02 19:23:00,1380.0,android,1.1.0,False
S00108,U0025,2024-01-12 21:57:00,2024-01-12 23:05:00,4080.0,android,1.1.0,False
S00109,U0210,2024-01-05 10:14:00,2024-01-05 11:23:00,4140.0,android,1.0.1,True
S00110,U0154,2024-01-28 04:55:00,2024-01-28 05:03:00,480.0,android,1.0.2,True
S00111,U0199,2024-01-08 08:42:00,2024-01-08 10:05:00,4980.0,ios,1.0.2,False
S00112,U0048,2024-01-18 06:30:00,,,android,1.1.0,True
S00113,U0038,2024-01-07 20:03:00,2024-01-07 21:15:00,4320.0,ios,1.0.2,True
S00114,U0171,2024-01-10 00:31:00,2024-01-10 00:56:00,1500.0,ios,1.1.0,False
S00115,U0125,2024-01-23 20:37:00,2024-01-23 21:28:00,3060.0,ios,1.1.0,False
S00116,U0145,2024-01-13 15:54:00,2024-01-13 16:40:00,2760.0,android,1.0.2,False
S00117,U0263,2024-01-29 16:58:00,2024-01-29 17:59:00,3660.0,android,1.0.1,False
S00118,U0161,2024-01-14 01:33:00,2024-01-14 02:02:00,1740.0,ios,1.0.1,False
S00119,U0284,2024-01-30 19:56:00,2024-01-30 20:50:00,3240.0,android,1.0.1,True
S00120,U0169,2024-01-08 12:57:00,2024-01-08 13:29:00,1920.0,android,1.1.0,False
S00121,U0132,2024-01-25 16:40:00,2024-01-25 18:03:00,4980.0,android,1.0.2,True
S00122,U0181,2024-01-06 04:46:00,2024-01-06 05:49:00,3780.0,ios,1.1.0,True
S00123,U0269,2024-01-02 02:32:00,2024-01-02 03:58:00,5160.0,ios,1.0.1,False
S00124,U0071,2024-01-27 21:31:00,2024-01-27 21:51:00,1200.0,ios,1.0.1,False
S00125,U0192,2024-01-02 21:05:00,2024-01-02 22:24:00,4740.0,android,1.1.0,False
S00126,U0009,2024-01-01 18:09:00,2024-01-01 18:11:00,120.0,ios,1.1.0,False
S00127,U0275,2024-01-10 00:35:00,2024-01-10 02:05:00,5400.0,android,1.0.1,True
S00128,U0050,2024-01-17 05:04:00,2024-01-17 06:24:00,4800.0,android,1.0.2,False
S00129,U0204,2024-01-03 12:44:00,2024-01-03 13:43:00,3540.0,ios,1.1.0,True
S00130,U0154,2024-01-22 02:45:00,2024-01-22 04:09:00,5040.0,ios,1.0.1,False
S00131,U0195,2024-01-13 18:51:00,2024-01-13 20:13:00,4920.0,ios,1.1.0,True
S00132,U0043,2024-01-16 14:48:00,2024-01-16 15:31:00,2580.0,ios,1.1.0,True
S00133,U0118,2024-01-07 23:37:00,2024-01-08 00:38:00,3660.0,android,1.0.1,True
S00134,U0144,2024-01-29 18:32:00,2024-01-29 18:37:00,300.0,ios,1.0.2,True
S00135,U0107,2024-01-19 04:55:00,2024-01-19 05:46:00,3060.0,ios,1.0.2,True
S00136,U0289,2024-01-08 19:20:00,2024-01-08 20:10:00,3000.0,android,1.0.2,True
S00137,U0041,2024-01-17 11:48:00,,,android,1.0.1,True
S00138,U0175,2024-01-20 20:57:00,2024-01-20 21:48:00,3060.0,android,1.0.1,False
S00139,U0231,2024-01-16 07:47:00,2024-01-16 08:36:00,2940.0,android,1.0.1,False
S00140,U0044,2024-01-25 21:06:00,2024-01-25 21:38:00,1920.0,ios,1.0.1,False
S00141,U0079,2024-01-13 21:38:00,2024-01-13 22:28:00,3000.0,android,1.0.2,True
S00142,U0047,2024-01-01 10:31:00,2024-01-01 11:06:00,2100.0,ios,1.0.1,True
S00143,U0096,2024-01-14 15:19:00,2024-01-14 16:25:00,3960.0,android,1.0.1,True
S00144,U0046,2024-01-12 18:55:00,,,android,1.0.2,True
S00145,U0150,2024-01-14 13:14:00,2024-01-14 14:26:00,4320.0,ios,1.1.0,True
S00146,U0195,2024-01-06 04:44:00,2024-01-06 05:19:00,2100.0,android,1.0.1,True
S00147,U0086,2024-01-14 09:25:00,2024-01-14 10:27:00,3720.0,ios,1.0.2,False
S00148,U0127,2024-01-24 21:20:00,2024-01-24 22:39:00,4740.0,ios,1.0.2,True
S00149,U0070,2024-01-10 00:13:00,2024-01-10 00:56:00,2580.0,android,1.0.2,False
S00150,U0172,2024-01-14 22:13:00,2024-01-14 22:31:00,1080.0,android,1.0.2,True
S00151,U0246,2024-01-11 06:03:00,2024-01-11 06:44:00,2460.0,android,1.1.0,False
S00152,U0295,2024-01-26 08:16:00,2024-01-26 08:52:00,2160.0,android,1.0.2,True
S00153,U0289,2024-01-07 20:12:00,2024-01-07 20:36:00,1440.0,ios,1.1.0,False
S00154,U0108,2024-01-15 09:56:00,2024-01-15 10:05:00,540.0,android,1.1.0,False
S00155,U0072,2024-01-21 10:20:00,2024-01-21 11:45:00,5100.0,ios,1.1.0,False
S00156,U0194,2024-01-03 15:19:00,2024-01-03 16:21:00,3720.0,android,1.1.0,False
S00157,U0279,2024-01-02 12:16:00,2024-01-02 13:25:00,4140.0,ios,1.0.1,True
S00158,U0182,2024-01-06 22:05:00,2024-01-06 23:18:00,4380.0,android,1.0.2,False
S00159,U0055,2024-01-01 03:21:00,2024-01-01 04:27:00,3960.0,ios,1.0.2,False
S00160,U0201,2024-01-15 23:11:00,2024-01-16 00:16:00,3900.0,ios,1.0.2,True
S00161,U0248,2024-01-04 10:05:00,2024-01-04 10:16:00,660.0,ios,1.1.0,True
S00162,U0179,2024-01-10 11:42:00,2024-01-10 12:09:00,1620.0,android,1.0.2,False
S00163,U0050,2024-01-15 23:46:00,2024-01-15 23:55:00,540.0,android,1.0.1,True
S00164,U0012,2024-01-28 11:42:00,2024-01-28 13:09:00,5220.0,ios,1.1.0,True
S00165,U0265,2024-01-06 18:50:00,2024-01-06 20:02:00,4320.0,android,1.0.2,True
S00166,U0208,2024-01-21 06:17:00,2024-01-21 07:42:00,5100.0,android,1.0.2,True
S00167,U0102,2024-01-15 20:12:00,2024-01-15 20:13:00,60.0,ios,1.0.1,False
S00168,U0033,2024-01-19 03:28:00,2024-01-19 04:37:00,4140.0,ios,1.0.2,False
S00169,U0101,2024-01-15 03:53:00,2024-01-15 04:56:00,3780.0,android,1.1.0,False
S00170,U0201,2024-01-19 03:53:00,2024-01-19 04:52:00,3540.0,ios,1.1.0,False
S00171,U0044,2024-01-22 04:34:00,2024-01-22 05:05:00,1860.0,android,1.0.1,True
S00172,U0192,2024-01-23 04:49:00,2024-01-23 05:43:00,3240.0,ios,1.1.0,False
S00173,U0217,2024-01-06 16:36:00,2024-01-06 18:05:00,5340.0,ios,1.1.0,True
S00174,U0251,2024-01-10 04:47:00,2024-01-10 05:45:00,3480.0,ios,1.0.2,True
S00175,U0249,2024-01-05 06:39:00,2024-01-05 07:51:00,4320.0,android,1.0.2,False
S00176,U0213,2024-01-23 15:09:00,2024-01-23 15:20:00,660.0,ios,1.0.1,False
S00177,U0017,2024-01-09 07:40:00,2024-01-09 08:02:00,1320.0,android,1.1.0,False
S00178,U0282,2024-01-17 03:51:00,2024-01-17 04:26:00,2100.0,android,1.1.0,True
S00179,U0226,2024-01-18 07:27:00,2024-01-18 07:41:00,840.0,ios,1.0.2,True
S00180,U0231,2024-01-09 11:53:00,2024-01-09 12:05:00,720.0,android,1.0.1,True
S00181,U0108,2024-01-26 20:04:00,2024-01-26 21:23:00,4740.0,android,1.0.1,True
S00182,U0106,2024-01-27 07:03:00,2024-01-27 08:16:00,4380.0,android,1.1.0,False
S00183,U0276,2024-01-06 11:02:00,2024-01-06 11:40:00,2280.0,android,1.1.0,False
S00184,U0264,2024-01-29 23:11:00,2024-01-29 23:29:00,1080.0,android,1.0.1,False
S00185,U0065,2024-01-23 04:31:00,2024-01-23 05:13:00,2520.0,ios,1.1.0,False
S00186,U0251,2024-01-05 19:42:00,2024-01-05 21:03:00,4860.0,android,1.0.2,False
S00187,U0039,2024-01-21 03:10:00,2024-01-21 03:46:00,2160.0,android,1.0.2,False
S00188,U0168,2024-01-19 00:05:00,2024-01-19 00:17:00,720.0,android,1.1.0,False
S00189,U0033,2024-01-26 18:14:00,2024-01-26 19:09:00,3300.0,ios,1.0.2,False
S00190,U0166,2024-01-27 09:40:00,2024-01-27 10:54:00,4440.0,ios,1.1.0,False
S00191,U0176,2024-01-29 23:17:00,2024-01-29 23:23:00,360.0,ios,1.1.0,False
S00192,U0009,2024-01-04 05:23:00,2024-01-04 05:24:00,60.0,android,1.0.1,True
S00193,U0155,2024-01-06 09:21:00,,,android,1.0.2,True
S00194,U0191,2024-01-22 22:08:00,2024-01-22 22:59:00,3060.0,android,1.1.0,True
S00195,U0220,2024-01-21 03:06:00,2024-01-21 03:07:00,60.0,ios,1.0.2,True
S00196,U0068,2024-01-19 07:43:00,2024-01-19 08:40:00,3420.0,ios,1.0.1,False
S00197,U0062,2024-01-28 14:24:00,2024-01-28 15:26:00,3720.0,ios,1.0.1,False
S00198,U0046,2024-01-24 03:29:00,2024-01-24 04:17:00,2880.0,android,1.0.1,False
S00199,U0069,2024-01-21 23:06:00,2024-01-22 00:14:00,4080.0,ios,1.1.0,True
S00200,U0226,2024-01-12 07:16:00,2024-01-12 07:36:00,1200.0,android,1.1.0,False
S00201,U0112,2024-01-03 03:25:00,2024-01-03 03:41:00,960.0,android,1.0.2,False
S00202,U0162,2024-01-26 04:46:00,2024-01-26 06:09:00,4980.0,ios,1.0.1,False
S00203,U0014,2024-01-28 22:28:00,2024-01-28 22:55:00,1620.0,ios,1.1.0,False
S00204,U0152,2024-01-21 01:51:00,2024-01-21 02:22:00,1860.0,android,1.0.2,True
S00205,U0124,2024-01-16 21:46:00,2024-01-16 22:54:00,4080.0,ios,1.0.2,False
S00206,U0068,2024-01-13 19:24:00,2024-01-13 20:34:00,4200.0,ios,1.0.2,True
S00207,U0009,2024-01-19 02:18:00,,,ios,1.0.1,True
S00208,U0204,2024-01-17 09:46:00,2024-01-17 10:51:00,3900.0,android,1.0.2,False
S00209,U0043,2024-01-21 18:18:00,2024-01-21 18:38:00,1200.0,android,1.0.1,False
S00210,U0041,2024-01-17 06:56:00,2024-01-17 07:16:00,1200.0,android,1.0.2,True
S00211,U0159,2024-01-23 14:55:00,2024-01-23 15:26:00,1860.0,ios,1.0.1,True
S00212,U0223,2024-01-04 15:28:00,2024-01-04 15:36:00,480.0,android,1.1.0,True
S00213,U0062,2024-01-01 04:41:00,2024-01-01 05:02:00,1260.0,android,1.0.2,False
S00214,U0086,2024-01-12 04:19:00,2024-01-12 04:54:00,2100.0,ios,1.0.1,False
S00215,U0220,2024-01-09 17:52:00,,,ios,1.0.2,False
S00216,U0262,2024-01-12 01:53:00,2024-01-12 03:06:00,4380.0,ios,1.0.2,True
S00217,U0131,2024-01-25 03:30:00,2024-01-25 04:57:00,5220.0,ios,1.0.1,True
S00218,U0023,2024-01-28 00:25:00,2024-01-28 01:26:00,3660.0,android,1.0.2,True
S00219,U0092,2024-01-30 01:12:00,2024-01-30 02:36:00,5040.0,android,1.0.1,False
S00220,U0128,2024-01-14 10:55:00,2024-01-14 11:05:00,600.0,android,1.0.1,True
S00221,U0092,2024-01-08 17:36:00,2024-01-08 18:28:00,3120.0,ios,1.0.2,False
S00222,U0160,2024-01-11 02:56:00,2024-01-11 02:58:00,120.0,android,1.0.1,False
S00223,U0289,2024-01-26 10:22:00,2024-01-26 10:54:00,1920.0,android,1.0.2,False
S00224,U0101,2024-01-24 18:39:00,2024-01-24 19:11:00,1920.0,ios,1.0.1,False
S00225,U0013,2024-01-08 18:29:00,2024-01-08 19:58:00,5340.0,ios,1.0.2,True
S00226,U0193,2024-01-28 10:29:00,2024-01-28 11:37:00,4080.0,ios,1.0.2,False
S00227,U0031,2024-01-05 09:33:00,,,ios,1.1.0,False
S00228,U0191,2024-01-15 02:53:00,2024-01-15 03:58:00,3900.0,ios,1.1.0,False
S00229,U0039,2024-01-19 19:22:00,,,ios,1.0.1,False
S00230,U0134,2024-01-28 10:45:00,2024-01-28 11:36:00,3060.0,android,1.0.2,False
S00231,U0140,2024-01-08 02:32:00,2024-01-08 02:50:00,1080.0,ios,1.0.1,True
S00232,U0085,2024-01-15 15:54:00,2024-01-15 16:10:00,960.0,android,1.0.1,False
S00233,U0158,2024-01-15 09:02:00,2024-01-15 09:14:00,720.0,ios,1.1.0,False
S00234,U0021,2024-01-07 11:11:00,2024-01-07 11:43:00,1920.0,android,1.0.2,True
S00235,U0154,2024-01-09 05:56:00,,,android,1.0.2,True
S00236,U0049,2024-01-15 03:28:00,2024-01-15 03:46:00,1080.0,ios,1.0.1,True
S00237,U0114,2024-01-05 06:45:00,2024-01-05 07:33:00,2880.0,ios,1.1.0,False
S00238,U0039,2024-01-01 02:12:00,2024-01-01 03:35:00,4980.0,android,1.0.1,True
S00239,U0170,2024-01-04 01:27:00,2024-01-04 01:34:00,420.0,ios,1.1.0,False
S00240,U0203,2024-01-16 01:00:00,2024-01-16 01:55:00,3300.0,ios,1.0.2,True
S00241,U0096,2024-01-09 09:33:00,2024-01-09 09:53:00,1200.0,ios,1.1.0,True
S00242,U0152,2024-01-16 14:03:00,2024-01-16 15:05:00,3720.0,ios,1.0.1,False
S00243,U0197,2024-01-05 14:18:00,2024-01-05 15:26:00,4080.0,ios,1.1.0,True
S00244,U0196,2024-01-26 12:15:00,2024-01-26 13:18:00,3780.0,android,1.1.0,False
S00245,U0199,2024-01-09 06:08:00,,,ios,1.0.1,False
S00246,U0030,2024-01-26 16:06:00,2024-01-26 17:21:00,4500.0,ios,1.0.1,True
S00247,U0127,2024-01-22 08:13:00,2024-01-22 08:21:00,480.0,ios,1.1.0,False
S00248,U0182,2024-01-30 05:55:00,2024-01-30 07:11:00,4560.0,android,1.1.0,False
S00249,U0015,2024-01-23 23:54:00,2024-01-24 01:07:00,4380.0,ios,1.1.0,True
S00250,U0253,2024-01-18 10:32:00,2024-01-18 10:37:00,300.0,ios,1.0.1,True
S00251,U0113,2024-01-01 17:58:00,2024-01-01 18:41:00,2580.0,ios,1.0.1,False
S00252,U0091,2024-01-30 11:02:00,,,ios,1.1.0,True
S00253,U0057,2024-01-28 17:57:00,2024-01-28 18:07:00,600.0,android,1.1.0,False
S00254,U0052,2024-01-11 10:18:00,2024-01-11 10:39:00,1260.0,android,1.1.0,False
S00255,U0163,2024-01-06 19:10:00,2024-01-06 20:29:00,4740.0,android,1.0.1,True
S00256,U0194,2024-01-10 23:30:00,2024-01-10 23:53:00,1380.0,ios,1.1.0,False
S00257,U0291,2024-01-02 06:12:00,2024-01-02 07:31:00,4740.0,ios,1.1.0,True
S00258,U0255,2024-01-05 11:18:00,2024-01-05 11:49:00,1860.0,android,1.0.2,True
S00259,U0046,2024-01-27 22:52:00,2024-01-27 23:35:00,2580.0,android,1.0.1,False
S00260,U0108,2024-01-08 23:39:00,,,android,1.0.1,True
S00261,U0025,2024-01-13 14:57:00,2024-01-13 15:19:00,1320.0,android,1.0.2,False
S00262,U0180,2024-01-18 12:48:00,2024-01-18 13:50:00,3720.0,ios,1.0.1,False
S00263,U0038,2024-01-26 01:08:00,2024-01-26 01:49:00,2460.0,android,1.0.1,True
S00264,U0176,2024-01-06 12:48:00,2024-01-06 12:58:00,600.0,ios,1.0.2,False
S00265,U0016,2024-01-14 22:18:00,2024-01-14 23:14:00,3360.0,ios,1.0.1,True
S00266,U0170,2024-01-07 06:29:00,2024-01-07 07:40:00,4260.0,android,1.1.0,False
S00267,U0153,2024-01-08 03:16:00,,,android,1.0.1,True
S00268,U0185,2024-01-01 14:35:00,,,android,1.0.1,True
S00269,U0014,2024-01-07 05:49:00,2024-01-07 06:00:00,660.0,android,1.0.1,False
S00270,U0204,2024-01-16 16:41:00,2024-01-16 17:15:00,2040.0,ios,1.1.0,False
S00271,U0095,2024-01-12 13:01:00,2024-01-12 13:59:00,3480.0,ios,1.0.2,False
S00272,U0239,2024-01-09 07:43:00,2024-01-09 08:56:00,4380.0,ios,1.0.1,True
S00273,U0044,2024-01-22 11:44:00,2024-01-22 12:37:00,3180.0,ios,1.1.0,True
S00274,U0199,2024-01-27 17:50:00,2024-01-27 18:59:00,4140.0,android,1.1.0,True
S00275,U0244,2024-01-10 02:41:00,2024-01-10 02:46:00,300.0,ios,1.0.1,False
S00276,U0089,2024-01-06 07:13:00,2024-01-06 07:30:00,1020.0,ios,1.0.2,True
S00277,U0223,2024-01-07 21:24:00,2024-01-07 22:41:00,4620.0,android,1.0.2,True
S00278,U0045,2024-01-13 18:59:00,2024-01-13 19:41:00,2520.0,android,1.1.0,False
S00279,U0007,2024-01-26 23:54:00,2024-01-27 01:01:00,4020.0,android,1.0.1,False
S00280,U0077,2024-01-05 19:20:00,2024-01-05 19:33:00,780.0,ios,1.1.0,True
S00281,U0147,2024-01-28 18:16:00,2024-01-28 19:09:00,3180.0,android,1.0.2,False
S00282,U0293,2024-01-20 16:08:00,,,android,1.0.2,True
S00283,U0206,2024-01-02 13:30:00,2024-01-02 14:13:00,2580.0,ios,1.0.1,False
S00284,U0138,2024-01-29 12:42:00,,,android,1.0.2,False
S00285,U0252,2024-01-28 23:45:00,2024-01-29 00:15:00,1800.0,ios,1.0.2,False
S00286,U0165,2024-01-09 14:13:00,2024-01-09 14:25:00,720.0,ios,1.0.2,True
S00287,U0209,2024-01-24 16:32:00,2024-01-24 17:20:00,2880.0,ios,1.1.0,True
S00288,U0034,2024-01-10 17:17:00,2024-01-10 18:25:00,4080.0,ios,1.0.1,True
S00289,U0103,2024-01-27 01:58:00,2024-01-27 02:57:00,3540.0,ios,1.0.2,True
S00290,U0141,2024-01-12 15:50:00,2024-01-12 17:12:00,4920.0,ios,1.1.0,True
S00291,U0124,2024-01-12 16:41:00,2024-01-12 17:04:00,1380.0,android,1.1.0,False
S00292,U0177,2024-01-06 08:49:00,2024-01-06 10:18:00,5340.0,ios,1.0.2,True
S00293,U0198,2024-01-02 05:33:00,2024-01-02 06:01:00,1680.0,ios,1.1.0,True
S00294,U0106,2024-01-09 22:14:00,2024-01-09 22:17:00,180.0,ios,1.0.2,True
S00295,U0089,2024-01-20 00:17:00,2024-01-20 01:35:00,4680.0,android,1.1.0,False
S00296,U0217,2024-01-29 12:51:00,2024-01-29 13:50:00,3540.0,android,1.0.1,False
S00297,U0155,2024-01-22 17:46:00,2024-01-22 18:37:00,3060.0,ios,1.0.1,False
S00298,U0288,2024-01-21 20:16:00,2024-01-21 20:55:00,2340.0,ios,1.0.2,True
S00299,U0173,2024-01-09 21:51:00,2024-01-09 22:27:00,2160.0,android,1.1.0,False
S00300,U0097,2024-01-05 17:39:00,2024-01-05 17:47:00,480.0,android,1.1.0,False
S00301,U0072,2024-01-24 00:52:00,2024-01-24 01:30:00,2280.0,android,1.0.2,False
S00302,U0199,2024-01-24 01:12:00,2024-01-24 02:26:00,4440.0,ios,1.0.2,True
S00303,U0274,2024-01-21 16:14:00,2024-01-21 17:40:00,5160.0,android,1.1.0,False
S00304,U0088,2024-01-27 22:26:00,2024-01-27 22:50:00,1440.0,android,1.0.1,False
S00305,U0066,2024-01-24 08:49:00,2024-01-24 10:01:00,4320.0,ios,1.1.0,False
S00306,U0046,2024-01-08 12:07:00,2024-01-08 12:47:00,2400.0,android,1.0.2,False
S00307,U0134,2024-01-19 10:02:00,2024-01-19 10:18:00,960.0,android,1.0.1,True
S00308,U0242,2024-01-29 06:38:00,2024-01-29 08:06:00,5280.0,android,1.1.0,False
S00309,U0212,2024-01-02 05:08:00,2024-01-02 05:34:00,1560.0,android,1.0.2,False
S00310,U0074,2024-01-11 06:09:00,2024-01-11 07:12:00,3780.0,android,1.1.0,True
S00311,U0161,2024-01-21 01:58:00,,,android,1.0.1,True
S00312,U0296,2024-01-25 05:24:00,2024-01-25 05:36:00,720.0,ios,1.1.0,False
S00313,U0220,2024-01-13 14:38:00,2024-01-13 15:28:00,3000.0,ios,1.0.1,True
S00314,U0192,2024-01-01 10:59:00,2024-01-01 12:07:00,4080.0,ios,1.0.1,True
S00315,U0128,2024-01-08 23:40:00,2024-01-09 00:20:00,2400.0,ios,1.0.1,False
S00316,U0258,2024-01-19 10:26:00,2024-01-19 10:32:00,360.0,android,1.0.2,False
S00317,U0267,2024-01-20 17:53:00,2024-01-20 19:21:00,5280.0,ios,1.0.2,False
S00318,U0184,2024-01-25 06:25:00,2024-01-25 07:17:00,3120.0,ios,1.0.1,True
S00319,U0068,2024-01-07 00:44:00,2024-01-07 01:06:00,1320.0,ios,1.0.2,True
S00320,U0193,2024-01-29 21:51:00,2024-01-29 23:00:00,4140.0,ios,1.1.0,True
S00321,U0056,2024-01-21 00:40:00,,,ios,1.0.2,False
S00322,U0195,2024-01-04 18:40:00,2024-01-04 20:10:00,5400.0,ios,1.0.1,True
S00323,U0155,2024-01-14 22:35:00,2024-01-14 23:42:00,4020.0,android,1.1.0,True
S00324,U0215,2024-01-27 03:34:00,2024-01-27 04:54:00,4800.0,ios,1.0.2,True
S00325,U0055,2024-01-16 06:46:00,2024-01-16 07:20:00,2040.0,ios,1.0.2,False
S00326,U0152,2024-01-06 01:20:00,2024-01-06 01:47:00,1620.0,android,1.0.2,True
S00327,U0002,2024-01-01 22:55:00,,,ios,1.1.0,False
S00328,U0077,2024-01-03 17:27:00,,,ios,1.0.2,True
S00329,U0234,2024-01-10 09:00:00,2024-01-10 09:13:00,780.0,ios,1.0.1,False
S00330,U0185,2024-01-26 23:06:00,2024-01-26 23:21:00,900.0,ios,1.0.1,True
S00331,U0071,2024-01-22 22:05:00,2024-01-22 22:51:00,2760.0,android,1.1.0,False
S00332,U0048,2024-01-12 11:41:00,2024-01-12 12:33:00,3120.0,android,1.0.2,False
S00333,U0198,2024-01-23 16:19:00,2024-01-23 17:43:00,5040.0,ios,1.0.1,True
S00334,U0031,2024-01-28 05:26:00,2024-01-28 06:42:00,4560.0,android,1.1.0,False
S00335,U0093,2024-01-20 12:57:00,2024-01-20 14:16:00,4740.0,ios,1.1.0,True
S00336,U0248,2024-01-30 16:39:00,2024-01-30 17:32:00,3180.0,android,1.0.1,True
S00337,U0134,2024-01-21 10:43:00,,,ios,1.1.0,False
S00338,U0266,2024-01-17 23:29:00,2024-01-17 23:42:00,780.0,android,1.1.0,True
S00339,U0247,2024-01-12 22:39:00,2024-01-12 23:29:00,3000.0,ios,1.1.0,True
S00340,U0006,2024-01-21 05:21:00,2024-01-21 06:22:00,3660.0,android,1.0.1,True
S00341,U0252,2024-01-11 08:13:00,2024-01-11 08:49:00,2160.0,ios,1.1.0,True
S00342,U0282,2024-01-21 12:55:00,2024-01-21 13:26:00,1860.0,ios,1.0.2,False
S00343,U0294,2024-01-15 03:00:00,2024-01-15 03:58:00,3480.0,android,1.0.1,False
S00344,U0010,2024-01-04 13:46:00,2024-01-04 14:58:00,4320.0,ios,1.0.1,False
S00345,U0261,2024-01-18 07:03:00,2024-01-18 08:02:00,3540.0,android,1.0.2,True
S00346,U0115,2024-01-28 15:30:00,2024-01-28 16:50:00,4800.0,android,1.1.0,False
S00347,U0232,2024-01-04 03:19:00,2024-01-04 03:48:00,1740.0,ios,1.0.2,False
S00348,U0150,2024-01-18 17:49:00,2024-01-18 18:03:00,840.0,ios,1.0.1,False
S00349,U0072,2024-01-27 13:58:00,2024-01-27 15:17:00,4740.0,ios,1.0.1,True
S00350,U0202,2024-01-07 15:36:00,2024-01-07 16:01:00,1500.0,android,1.0.1,False
S00351,U0024,2024-01-30 21:36:00,2024-01-30 22:52:00,4560.0,ios,1.0.2,False
S00352,U0259,2024-01-05 17:01:00,,,ios,1.1.0,False
S00353,U0300,2024-01-16 17:21:00,2024-01-16 17:44:00,1380.0,ios,1.1.0,True
S00354,U0054,2024-01-13 22:26:00,2024-01-13 23:08:00,2520.0,android,1.0.2,True
S00355,U0141,2024-01-13 11:42:00,2024-01-13 12:40:00,3480.0,ios,1.0.1,False
S00356,U0263,2024-01-10 23:56:00,2024-01-11 00:37:00,2460.0,ios,1.0.1,True
S00357,U0149,2024-01-22 11:47:00,2024-01-22 12:04:00,1020.0,ios,1.1.0,False
S00358,U0060,2024-01-25 12:01:00,2024-01-25 13:16:00,4500.0,android,1.1.0,False
S00359,U0217,2024-01-26 00:26:00,2024-01-26 00:30:00,240.0,android,1.0.1,True
S00360,U0029,2024-01-07 09:06:00,2024-01-07 09:27:00,1260.0,android,1.1.0,False
S00361,U0075,2024-01-27 02:07:00,2024-01-27 02:45:00,2280.0,ios,1.1.0,True
S00362,U0184,2024-01-27 15:26:00,2024-01-27 16:53:00,5220.0,ios,1.1.0,False
S00363,U0122,2024-01-17 23:45:00,2024-01-18 01:11:00,5160.0,ios,1.0.2,False
S00364,U0214,2024-01-26 23:23:00,2024-01-27 00:34:00,4260.0,ios,1.0.1,False
S00365,U0104,2024-01-20 15:07:00,2024-01-20 16:29:00,4920.0,android,1.1.0,True
S00366,U0100,2024-01-10 15:19:00,2024-01-10 16:47:00,5280.0,ios,1.0.1,True
S00367,U0264,2024-01-04 12:52:00,,,android,1.1.0,False
S00368,U0067,2024-01-06 19:56:00,2024-01-06 19:57:00,60.0,android,1.0.2,True
S00369,U0021,2024-01-05 11:00:00,2024-01-05 12:21:00,4860.0,android,1.0.2,False
S00370,U0038,2024-01-26 10:50:00,2024-01-26 11:14:00,1440.0,ios,1.1.0,True
S00371,U0213,2024-01-18 18:19:00,2024-01-18 19:04:00,2700.0,ios,1.0.1,False
S00372,U0170,2024-01-12 10:01:00,2024-01-12 11:21:00,4800.0,android,1.1.0,True
S00373,U0059,2024-01-22 11:48:00,2024-01-22 13:11:00,4980.0,ios,1.0.1,False
S00374,U0196,2024-01-30 03:52:00,2024-01-30 05:02:00,4200.0,android,1.0.1,False
S00375,U0264,2024-01-26 17:21:00,2024-01-26 17:27:00,360.0,android,1.1.0,True
S00376,U0165,2024-01-17 02:48:00,2024-01-17 03:10:00,1320.0,ios,1.1.0,True
S00377,U0108,2024-01-22 21:29:00,2024-01-22 22:57:00,5280.0,android,1.0.1,True
S00378,U0276,2024-01-27 23:59:00,2024-01-28 00:55:00,3360.0,ios,1.1.0,True
S00379,U0013,2024-01-15 11:19:00,,,ios,1.0.1,True
S00380,U0129,2024-01-18 02:24:00,2024-01-18 02:54:00,1800.0,android,1.0.2,False
S00381,U0231,2024-01-21 13:48:00,2024-01-21 13:51:00,180.0,android,1.1.0,True
S00382,U0274,2024-01-01 21:53:00,2024-01-01 22:02:00,540.0,ios,1.1.0,True
S00383,U0184,2024-01-30 17:09:00,2024-01-30 18:37:00,5280.0,android,1.1.0,True
S00384,U0145,2024-01-25 14:56:00,2024-01-25 16:21:00,5100.0,ios,1.0.2,True
S00385,U0274,2024-01-08 04:39:00,2024-01-08 05:49:00,4200.0,android,1.1.0,True
S00386,U0153,2024-01-22 22:06:00,2024-01-22 22:08:00,120.0,ios,1.0.1,True
S00387,U0003,2024-01-19 20:21:00,2024-01-19 21:32:00,4260.0,ios,1.0.2,True
S00388,U0177,2024-01-07 14:05:00,2024-01-07 15:11:00,3960.0,ios,1.0.1,True
S00389,U0114,2024-01-20 08:37:00,2024-01-20 09:01:00,1440.0,ios,1.1.0,False
S00390,U0282,2024-01-03 09:55:00,2024-01-03 10:28:00,1980.0,ios,1.0.1,False
S00391,U0170,2024-01-12 04:22:00,2024-01-12 04:53:00,1860.0,ios,1.0.2,True
S00392,U0100,2024-01-11 16:35:00,2024-01-11 17:54:00,4740.0,android,1.1.0,True
S00393,U0290,2024-01-19 12:26:00,2024-01-19 13:21:00,3300.0,ios,1.0.1,False
S00394,U0127,2024-01-26 07:33:00,2024-01-26 08:56:00,4980.0,android,1.0.2,False
S00395,U0069,2024-01-22 11:19:00,2024-01-22 12:19:00,3600.0,android,1.0.2,False
S00396,U0250,2024-01-18 03:42:00,2024-01-18 05:00:00,4680.0,ios,1.0.2,True
S00397,U0276,2024-01-07 08:59:00,2024-01-07 10:20:00,4860.0,ios,1.1.0,True
S00398,U0010,2024-01-28 17:18:00,2024-01-28 18:33:00,4500.0,android,1.1.0,True
S00399,U0019,2024-01-18 08:53:00,2024-01-18 10:03:00,4200.0,android,1.1.0,True
S00400,U0188,2024-01-13 07:37:00,2024-01-13 08:53:00,4560.0,android,1.0.1,False
S00401,U0257,2024-01-17 03:05:00,2024-01-17 04:10:00,3900.0,ios,1.1.0,True
S00402,U0085,2024-01-25 17:32:00,2024-01-25 17:53:00,1260.0,ios,1.1.0,True
S00403,U0248,2024-01-12 01:22:00,2024-01-12 02:25:00,3780.0,ios,1.0.1,False
S00404,U0190,2024-01-08 01:27:00,2024-01-08 02:34:00,4020.0,android,1.0.2,False
S00405,U0233,2024-01-29 01:35:00,,,android,1.0.1,False
S00406,U0135,2024-01-19 18:34:00,2024-01-19 19:23:00,2940.0,android,1.0.2,True
S00407,U0265,2024-01-09 12:50:00,2024-01-09 13:19:00,1740.0,android,1.0.2,False
S00408,U0250,2024-01-26 16:27:00,2024-01-26 16:28:00,60.0,ios,1.0.2,True
S00409,U0118,2024-01-03 17:33:00,2024-01-03 18:01:00,1680.0,ios,1.0.1,True
S00410,U0186,2024-01-20 04:02:00,2024-01-20 04:56:00,3240.0,android,1.1.0,True
S00411,U0247,2024-01-22 16:20:00,2024-01-22 17:36:00,4560.0,ios,1.1.0,False
S00412,U0012,2024-01-08 01:28:00,2024-01-08 02:44:00,4560.0,ios,1.0.1,True
S00413,U0294,2024-01-05 01:54:00,2024-01-05 02:18:00,1440.0,android,1.1.0,True
S00414,U0146,2024-01-03 07:23:00,2024-01-03 08:24:00,3660.0,android,1.0.1,True
S00415,U0211,2024-01-20 04:52:00,2024-01-20 05:16:00,1440.0,android,1.0.1,False
S00416,U0233,2024-01-20 20:09:00,,,android,1.0.2,True
S00417,U0056,2024-01-01 06:54:00,2024-01-01 07:59:00,3900.0,android,1.0.1,True
S00418,U0091,2024-01-16 20:59:00,2024-01-16 22:08:00,4140.0,ios,1.0.1,False
S00419,U0067,2024-01-29 20:35:00,2024-01-29 20:36:00,60.0,android,1.1.0,False
S00420,U0190,2024-01-28 01:28:00,2024-01-28 02:23:00,3300.0,ios,1.0.2,False
S00421,U0180,2024-01-19 23:46:00,2024-01-20 00:41:00,3300.0,ios,1.0.2,False
S00422,U0120,2024-01-30 02:51:00,2024-01-30 04:01:00,4200.0,android,1.0.2,True
S00423,U0003,2024-01-23 00:14:00,2024-01-23 00:30:00,960.0,ios,1.0.2,True
S00424,U0162,2024-01-14 12:21:00,2024-01-14 13:16:00,3300.0,android,1.0.2,False
S00425,U0290,2024-01-12 20:53:00,2024-01-12 22:21:00,5280.0,android,1.0.1,False
S00426,U0283,2024-01-26 19:01:00,2024-01-26 19:49:00,2880.0,android,1.0.2,False
S00427,U0296,2024-01-12 13:35:00,2024-01-12 15:00:00,5100.0,ios,1.1.0,True
S00428,U0229,2024-01-26 23:52:00,2024-01-27 00:05:00,780.0,ios,1.1.0,False
S00429,U0174,2024-01-26 18:47:00,2024-01-26 20:15:00,5280.0,ios,1.0.1,False
S00430,U0003,2024-01-26 03:06:00,2024-01-26 04:07:00,3660.0,android,1.0.1,True
S00431,U0135,2024-01-08 12:39:00,,,ios,1.1.0,False
S00432,U0206,2024-01-20 22:23:00,2024-01-20 23:40:00,4620.0,ios,1.0.1,False
S00433,U0225,2024-01-01 06:53:00,2024-01-01 08:00:00,4020.0,android,1.0.1,True
S00434,U0262,2024-01-17 23:50:00,2024-01-18 00:12:00,1320.0,ios,1.0.2,True
S00435,U0001,2024-01-06 02:57:00,2024-01-06 03:49:00,3120.0,android,1.1.0,False
S00436,U0208,2024-01-19 06:50:00,2024-01-19 06:59:00,540.0,ios,1.1.0,False
S00437,U0287,2024-01-30 19:53:00,2024-01-30 20:29:00,2160.0,ios,1.1.0,True
S00438,U0233,2024-01-30 13:47:00,2024-01-30 14:21:00,2040.0,ios,1.0.2,True
S00439,U0287,2024-01-03 17:10:00,2024-01-03 17:25:00,900.0,android,1.1.0,False
S00440,U0227,2024-01-13 19:13:00,2024-01-13 19:45:00,1920.0,android,1.0.2,False
S00441,U0015,2024-01-16 03:58:00,2024-01-16 04:47:00,2940.0,ios,1.1.0,True
S00442,U0162,2024-01-14 12:03:00,2024-01-14 12:05:00,120.0,android,1.0.1,False
S00443,U0048,2024-01-13 22:59:00,2024-01-13 23:43:00,2640.0,ios,1.1.0,True
S00444,U0244,2024-01-11 12:04:00,2024-01-11 13:18:00,4440.0,android,1.0.1,True
S00445,U0256,2024-01-24 06:48:00,2024-01-24 07:19:00,1860.0,android,1.0.1,True
S00446,U0104,2024-01-27 08:31:00,2024-01-27 09:17:00,2760.0,ios,1.0.1,True
S00447,U0041,2024-01-22 22:38:00,2024-01-22 22:39:00,60.0,ios,1.0.2,False
S00448,U0162,2024-01-16 19:36:00,2024-01-16 20:39:00,3780.0,ios,1.1.0,False
S00449,U0204,2024-01-08 19:41:00,2024-01-08 20:49:00,4080.0,android,1.0.2,True
S00450,U0258,2024-01-12 13:26:00,2024-01-12 13:49:00,1380.0,android,1.0.1,False
S00451,U0162,2024-01-23 00:17:00,,,ios,1.0.2,True
S00452,U0167,2024-01-12 20:54:00,2024-01-12 21:18:00,1440.0,android,1.0.1,False
S00453,U0242,2024-01-20 11:42:00,2024-01-20 12:46:00,3840.0,android,1.0.1,False
S00454,U0191,2024-01-12 13:40:00,2024-01-12 14:04:00,1440.0,ios,1.1.0,True
S00455,U0052,2024-01-24 09:12:00,2024-01-24 10:24:00,4320.0,android,1.0.2,True
S00456,U0075,2024-01-26 05:06:00,2024-01-26 05:08:00,120.0,ios,1.0.2,False
S00457,U0069,2024-01-29 21:31:00,2024-01-29 22:12:00,2460.0,android,1.0.2,False
S00458,U0288,2024-01-28 19:22:00,,,ios,1.1.0,True
S00459,U0031,2024-01-07 08:40:00,2024-01-07 10:01:00,4860.0,ios,1.0.2,False
S00460,U0134,2024-01-12 12:17:00,2024-01-12 12:50:00,1980.0,android,1.0.1,False
S00461,U0063,2024-01-12 23:11:00,2024-01-12 23:37:00,1560.0,ios,1.0.2,False
S00462,U0167,2024-01-22 17:25:00,2024-01-22 18:23:00,3480.0,ios,1.0.2,False
S00463,U0238,2024-01-21 04:56:00,2024-01-21 06:18:00,4920.0,android,1.0.2,False
S00464,U0037,2024-01-03 05:31:00,2024-01-03 06:12:00,2460.0,android,1.1.0,False
S00465,U0137,2024-01-20 22:00:00,2024-01-20 22:57:00,3420.0,android,1.1.0,False
S00466,U0212,2024-01-06 06:16:00,2024-01-06 06:33:00,1020.0,ios,1.1.0,False
S00467,U0041,2024-01-07 05:41:00,2024-01-07 05:54:00,780.0,ios,1.0.2,True
S00468,U0014,2024-01-25 13:33:00,2024-01-25 13:44:00,660.0,ios,1.0.2,True
S00469,U0044,2024-01-21 13:18:00,2024-01-21 13:50:00,1920.0,android,1.0.2,True
S00470,U0068,2024-01-17 05:49:00,,,android,1.0.2,False
S00471,U0240,2024-01-28 18:27:00,2024-01-28 19:38:00,4260.0,android,1.0.1,True
S00472,U0234,2024-01-21 21:42:00,2024-01-21 22:38:00,3360.0,android,1.0.2,False
S00473,U0277,2024-01-08 03:03:00,2024-01-08 03:50:00,2820.0,android,1.0.2,True
S00474,U0156,2024-01-01 00:00:00,2024-01-01 00:18:00,1080.0,android,1.0.2,False
S00475,U0274,2024-01-01 23:28:00,2024-01-02 00:30:00,3720.0,android,1.0.1,False
S00476,U0150,2024-01-20 07:53:00,2024-01-20 09:04:00,4260.0,android,1.0.1,False
S00477,U0288,2024-01-14 13:28:00,2024-01-14 14:51:00,4980.0,android,1.0.2,True
S00478,U0135,2024-01-03 14:24:00,2024-01-03 15:31:00,4020.0,android,1.0.2,False
S00479,U0212,2024-01-07 02:20:00,2024-01-07 02:58:00,2280.0,ios,1.1.0,False
S00480,U0232,2024-01-09 23:54:00,2024-01-10 00:19:00,1500.0,android,1.0.1,True
S00481,U0026,2024-01-18 00:45:00,2024-01-18 00:59:00,840.0,android,1.0.2,True
S00482,U0225,2024-01-24 00:16:00,2024-01-24 00:36:00,1200.0,ios,1.0.2,True
S00483,U0176,2024-01-14 10:38:00,2024-01-14 11:42:00,3840.0,android,1.0.2,True
S00484,U0170,2024-01-03 04:59:00,,,android,1.0.1,False
S00485,U0093,2024-01-07 08:32:00,2024-01-07 08:34:00,120.0,ios,1.1.0,True
S00486,U0198,2024-01-25 15:07:00,2024-01-25 15:12:00,300.0,ios,1.0.2,True
S00487,U0267,2024-01-22 07:06:00,2024-01-22 08:34:00,5280.0,android,1.0.2,True
S00488,U0022,2024-01-24 18:45:00,2024-01-24 19:18:00,1980.0,android,1.1.0,False
S00489,U0102,2024-01-12 01:46:00,2024-01-12 02:14:00,1680.0,ios,1.0.1,False
S00490,U0167,2024-01-01 05:42:00,2024-01-01 06:57:00,4500.0,ios,1.0.2,True
S00491,U0005,2024-01-02 19:50:00,2024-01-02 20:51:00,3660.0,ios,1.0.2,True
S00492,U0128,2024-01-06 17:03:00,,,android,1.1.0,True
S00493,U0031,2024-01-12 22:00:00,2024-01-12 23:09:00,4140.0,ios,1.0.1,False
S00494,U0120,2024-01-11 19:03:00,2024-01-11 19:48:00,2700.0,android,1.1.0,True
S00495,U0011,2024-01-23 12:53:00,2024-01-23 13:11:00,1080.0,android,1.0.1,False
S00496,U0225,2024-01-18 10:03:00,2024-01-18 11:06:00,3780.0,ios,1.1.0,True
S00497,U0279,2024-01-12 11:02:00,2024-01-12 11:38:00,2160.0,ios,1.0.1,True
S00498,U0231,2024-01-10 08:59:00,2024-01-10 09:58:00,3540.0,ios,1.1.0,False
S00499,U0095,2024-01-29 00:38:00,2024-01-29 01:25:00,2820.0,ios,1.0.2,True
S00500,U0276,2024-01-27 13:13:00,2024-01-27 14:41:00,5280.0,android,1.1.0,True
S00501,U0145,2024-01-11 13:59:00,2024-01-11 14:14:00,900.0,ios,1.1.0,True
S00502,U0023,2024-01-27 04:25:00,2024-01-27 04:30:00,300.0,ios,1.0.1,False
S00503,U0099,2024-01-04 01:05:00,2024-01-04 01:55:00,3000.0,android,1.1.0,False
S00504,U0026,2024-01-12 07:32:00,2024-01-12 07:42:00,600.0,ios,1.0.1,False
S00505,U0041,2024-01-15 21:48:00,,,android,1.0.2,True
S00506,U0137,2024-01-17 01:23:00,2024-01-17 02:02:00,2340.0,ios,1.0.1,True
S00507,U0052,2024-01-24 07:53:00,2024-01-24 08:18:00,1500.0,ios,1.1.0,True
S00508,U0292,2024-01-21 06:06:00,2024-01-21 07:18:00,4320.0,android,1.1.0,True
S00509,U0296,2024-01-12 23:01:00,2024-01-13 00:27:00,5160.0,android,1.0.1,True
S00510,U0093,2024-01-18 13:42:00,2024-01-18 15:07:00,5100.0,ios,1.1.0,False
S00511,U0181,2024-01-29 10:45:00,2024-01-29 11:27:00,2520.0,android,1.0.2,False
S00512,U0166,2024-01-20 08:12:00,2024-01-20 08:40:00,1680.0,android,1.1.0,False
S00513,U0185,2024-01-15 15:16:00,2024-01-15 15:17:00,60.0,ios,1.0.2,True
S00514,U0266,2024-01-05 10:18:00,,,ios,1.0.1,False
S00515,U0012,2024-01-25 23:32:00,2024-01-26 00:43:00,4260.0,ios,1.0.1,True
S00516,U0236,2024-01-12 05:19:00,2024-01-12 06:06:00,2820.0,ios,1.0.1,False
S00517,U0154,2024-01-03 19:28:00,2024-01-03 19:56:00,1680.0,ios,1.1.0,False
S00518,U0248,2024-01-06 16:39:00,2024-01-06 18:08:00,5340.0,ios,1.1.0,False
S00519,U0020,2024-01-24 19:40:00,2024-01-24 19:48:00,480.0,android,1.0.2,False
S00520,U0214,2024-01-30 04:06:00,2024-01-30 04:36:00,1800.0,ios,1.1.0,False
S00521,U0028,2024-01-10 17:53:00,,,ios,1.0.2,True
S00522,U0079,2024-01-02 22:59:00,2024-01-02 23:50:00,3060.0,android,1.1.0,True
S00523,U0114,2024-01-14 09:53:00,2024-01-14 10:12:00,1140.0,ios,1.0.2,True
S00524,U0244,2024-01-19 01:40:00,2024-01-19 02:14:00,2040.0,ios,1.0.2,False
S00525,U0067,2024-01-25 04:36:00,2024-01-25 05:02:00,1560.0,android,1.0.2,True
S00526,U0288,2024-01-20 17:53:00,2024-01-20 18:03:00,600.0,android,1.0.2,False
S00527,U0295,2024-01-03 03:50:00,2024-01-03 04:45:00,3300.0,android,1.0.2,True
S00528,U0165,2024-01-12 20:16:00,2024-01-12 20:56:00,2400.0,ios,1.0.2,False
S00529,U0075,2024-01-15 01:31:00,2024-01-15 02:01:00,1800.0,ios,1.1.0,False
S00530,U0080,2024-01-25 02:55:00,2024-01-25 03:02:00,420.0,ios,1.1.0,True
S00531,U0148,2024-01-01 11:43:00,2024-01-01 11:58:00,900.0,android,1.0.2,False
S00532,U0012,2024-01-11 07:08:00,2024-01-11 07:36:00,1680.0,ios,1.1.0,False
S00533,U0281,2024-01-16 21:15:00,2024-01-16 21:34:00,1140.0,ios,1.0.2,True
S00534,U0131,2024-01-06 02:03:00,2024-01-06 03:33:00,5400.0,android,1.0.1,False
S00535,U0005,2024-01-03 13:15:00,2024-01-03 14:40:00,5100.0,android,1.0.1,True
S00536,U0150,2024-01-28 22:09:00,2024-01-28 22:58:00,2940.0,ios,1.0.2,False
S00537,U0273,2024-01-03 06:21:00,2024-01-03 07:20:00,3540.0,ios,1.0.1,True
S00538,U0272,2024-01-10 11:23:00,2024-01-10 11:44:00,1260.0,ios,1.0.2,False
S00539,U0182,2024-01-21 10:19:00,2024-01-21 11:24:00,3900.0,android,1.0.1,False
S00540,U0199,2024-01-29 01:00:00,2024-01-29 01:36:00,2160.0,ios,1.0.1,False
S00541,U0202,2024-01-22 04:41:00,,,android,1.1.0,True
S00542,U0214,2024-01-08 19:33:00,2024-01-08 20:13:00,2400.0,android,1.0.2,True
S00543,U0106,2024-01-21 04:43:00,2024-01-21 06:11:00,5280.0,ios,1.0.1,False
S00544,U0269,2024-01-30 04:36:00,2024-01-30 04:55:00,1140.0,ios,1.0.2,True
S00545,U0286,2024-01-18 04:02:00,2024-01-18 04:21:00,1140.0,ios,1.0.2,False
S00546,U0211,2024-01-10 15:07:00,2024-01-10 16:29:00,4920.0,android,1.0.1,True
S00547,U0055,2024-01-05 06:18:00,,,android,1.1.0,True
S00548,U0119,2024-01-08 23:27:00,,,ios,1.1.0,False
S00549,U0069,2024-01-17 20:38:00,2024-01-17 22:02:00,5040.0,android,1.0.1,False
S00550,U0252,2024-01-16 04:41:00,2024-01-16 05:10:00,1740.0,ios,1.0.2,True
S00551,U0139,2024-01-14 07:35:00,2024-01-14 08:01:00,1560.0,ios,1.0.1,True
S00552,U0225,2024-01-28 21:03:00,2024-01-28 21:45:00,2520.0,android,1.0.1,False
S00553,U0208,2024-01-25 01:25:00,2024-01-25 02:14:00,2940.0,android,1.0.2,True
S00554,U0267,2024-01-04 15:24:00,2024-01-04 15:30:00,360.0,ios,1.1.0,False
S00555,U0021,2024-01-18 13:13:00,2024-01-18 14:34:00,4860.0,ios,1.0.1,False
S00556,U0226,2024-01-13 10:23:00,2024-01-13 11:00:00,2220.0,android,1.0.1,False
S00557,U0151,2024-01-20 01:51:00,2024-01-20 02:10:00,1140.0,android,1.1.0,False
S00558,U0047,2024-01-24 17:05:00,2024-01-24 18:20:00,4500.0,ios,1.0.2,False
S00559,U0166,2024-01-15 00:51:00,2024-01-15 02:07:00,4560.0,ios,1.0.2,True
S00560,U0129,2024-01-11 23:36:00,2024-01-11 23:57:00,1260.0,ios,1.0.1,True
S00561,U0231,2024-01-21 12:23:00,,,android,1.1.0,True
S00562,U0194,2024-01-18 12:59:00,,,ios,1.0.2,True
S00563,U0084,2024-01-28 04:56:00,2024-01-28 05:03:00,420.0,android,1.0.2,False
S00564,U0229,2024-01-10 21:22:00,2024-01-10 21:39:00,1020.0,ios,1.0.1,False
S00565,U0007,2024-01-15 16:59:00,2024-01-15 18:09:00,4200.0,ios,1.1.0,False
S00566,U0122,2024-01-07 20:05:00,2024-01-07 21:04:00,3540.0,android,1.0.2,True
S00567,U0004,2024-01-08 18:40:00,2024-01-08 20:01:00,4860.0,ios,1.0.1,True
S00568,U0076,2024-01-02 22:17:00,2024-01-02 22:36:00,1140.0,ios,1.1.0,False
S00569,U0170,2024-01-30 02:59:00,,,android,1.0.1,True
S00570,U0146,2024-01-20 22:33:00,2024-01-20 23:50:00,4620.0,ios,1.0.2,False
S00571,U0019,2024-01-03 10:12:00,2024-01-03 11:01:00,2940.0,ios,1.0.2,True
S00572,U0150,2024-01-16 04:35:00,2024-01-16 05:11:00,2160.0,android,1.1.0,False
S00573,U0269,2024-01-07 23:45:00,2024-01-07 23:53:00,480.0,ios,1.1.0,True
S00574,U0248,2024-01-24 23:30:00,2024-01-25 00:07:00,2220.0,android,1.1.0,False
S00575,U0133,2024-01-17 19:37:00,2024-01-17 20:23:00,2760.0,ios,1.1.0,False
S00576,U0267,2024-01-24 21:34:00,2024-01-24 21:58:00,1440.0,ios,1.1.0,False
S00577,U0100,2024-01-01 04:02:00,,,ios,1.1.0,True
S00578,U0213,2024-01-14 01:33:00,2024-01-14 02:45:00,4320.0,ios,1.0.1,True
S00579,U0145,2024-01-09 02:18:00,2024-01-09 03:23:00,3900.0,android,1.0.1,True
S00580,U0171,2024-01-11 13:31:00,2024-01-11 14:50:00,4740.0,ios,1.0.1,True
S00581,U0170,2024-01-27 11:32:00,2024-01-27 12:34:00,3720.0,android,1.0.1,True
S00582,U0247,2024-01-05 21:24:00,2024-01-05 22:33:00,4140.0,android,1.0.2,False
S00583,U0029,2024-01-27 17:47:00,2024-01-27 19:14:00,5220.0,android,1.1.0,True
S00584,U0107,2024-01-19 23:23:00,2024-01-20 00:09:00,2760.0,ios,1.0.1,False
S00585,U0016,2024-01-11 12:48:00,2024-01-11 13:10:00,1320.0,android,1.0.1,True
S00586,U0158,2024-01-23 10:44:00,2024-01-23 11:19:00,2100.0,android,1.0.1,False
S00587,U0122,2024-01-12 15:25:00,2024-01-12 16:04:00,2340.0,ios,1.1.0,False
S00588,U0090,2024-01-04 12:46:00,2024-01-04 13:12:00,1560.0,ios,1.0.2,True
S00589,U0248,2024-01-29 17:04:00,2024-01-29 17:48:00,2640.0,android,1.1.0,False
S00590,U0168,2024-01-05 03:21:00,2024-01-05 04:28:00,4020.0,ios,1.0.1,True
S00591,U0236,2024-01-13 17:49:00,2024-01-13 18:29:00,2400.0,ios,1.1.0,True
S00592,U0171,2024-01-15 01:34:00,2024-01-15 02:59:00,5100.0,android,1.0.1,False
S00593,U0108,2024-01-11 06:50:00,2024-01-11 07:26:00,2160.0,android,1.0.2,True
S00594,U0140,2024-01-05 05:22:00,2024-01-05 05:24:00,120.0,ios,1.0.1,False
S00595,U0282,2024-01-11 09:15:00,2024-01-11 09:52:00,2220.0,ios,1.0.1,True
S00596,U0160,2024-01-20 11:33:00,2024-01-20 11:40:00,420.0,ios,1.0.1,False
S00597,U0026,2024-01-04 13:05:00,,,android,1.0.2,True
S00598,U0229,2024-01-20 12:08:00,2024-01-20 12:34:00,1560.0,ios,1.0.2,True
S00599,U0048,2024-01-27 23:50:00,2024-01-28 00:49:00,3540.0,android,1.1.0,False
S00600,U0241,2024-01-08 07:38:00,2024-01-08 08:57:00,4740.0,android,1.0.2,False
S00601,U0094,2024-01-23 22:42:00,2024-01-23 23:24:00,2520.0,android,1.0.2,True
S00602,U0034,2024-01-16 03:51:00,2024-01-16 04:51:00,3600.0,ios,1.0.2,False
S00603,U0295,2024-01-05 17:20:00,2024-01-05 17:34:00,840.0,android,1.1.0,True
S00604,U0155,2024-01-18 15:44:00,2024-01-18 16:37:00,3180.0,ios,1.1.0,True
S00605,U0281,2024-01-06 16:27:00,2024-01-06 17:11:00,2640.0,ios,1.1.0,False
S00606,U0223,2024-01-19 11:40:00,2024-01-19 12:11:00,1860.0,ios,1.1.0,True
S00607,U0294,2024-01-27 16:36:00,2024-01-27 17:53:00,4620.0,android,1.0.2,True
S00608,U0228,2024-01-06 10:30:00,2024-01-06 10:39:00,540.0,ios,1.1.0,False
S00609,U0168,2024-01-16 22:00:00,2024-01-16 22:12:00,720.0,ios,1.0.1,True
S00610,U0076,2024-01-22 05:05:00,2024-01-22 05:43:00,2280.0,android,1.1.0,False
S00611,U0101,2024-01-07 23:15:00,2024-01-07 23:54:00,2340.0,android,1.0.2,False
S00612,U0046,2024-01-19 00:16:00,2024-01-19 01:22:00,3960.0,android,1.0.1,False
S00613,U0032,2024-01-12 18:44:00,2024-01-12 18:45:00,60.0,android,1.0.1,False
S00614,U0016,2024-01-08 14:44:00,2024-01-08 15:35:00,3060.0,android,1.1.0,False
S00615,U0208,2024-01-13 14:51:00,2024-01-13 16:16:00,5100.0,ios,1.0.2,True
S00616,U0097,2024-01-18 13:07:00,2024-01-18 13:54:00,2820.0,android,1.0.1,False
S00617,U0065,2024-01-05 00:23:00,,,ios,1.0.1,False
S00618,U0224,2024-01-05 02:53:00,2024-01-05 03:47:00,3240.0,android,1.1.0,False
S00619,U0093,2024-01-15 17:23:00,2024-01-15 18:21:00,3480.0,android,1.0.2,True
S00620,U0096,2024-01-14 20:38:00,,,android,1.1.0,True
S00621,U0257,2024-01-09 14:01:00,2024-01-09 15:15:00,4440.0,android,1.0.1,True
S00622,U0291,2024-01-16 12:34:00,2024-01-16 13:36:00,3720.0,ios,1.0.1,False
S00623,U0239,2024-01-17 02:40:00,2024-01-17 03:59:00,4740.0,ios,1.0.1,False
S00624,U0040,2024-01-22 21:37:00,2024-01-22 22:52:00,4500.0,android,1.1.0,True
S00625,U0176,2024-01-18 00:22:00,2024-01-18 01:28:00,3960.0,android,1.1.0,False
S00626,U0216,2024-01-12 10:03:00,2024-01-12 10:08:00,300.0,android,1.1.0,False
S00627,U0032,2024-01-21 16:09:00,2024-01-21 17:23:00,4440.0,ios,1.1.0,False
S00628,U0014,2024-01-10 16:32:00,,,ios,1.0.2,False
S00629,U0068,2024-01-20 09:35:00,2024-01-20 10:08:00,1980.0,ios,1.1.0,True
S00630,U0090,2024-01-30 20:11:00,2024-01-30 21:36:00,5100.0,android,1.0.2,True
S00631,U0134,2024-01-26 23:55:00,2024-01-27 00:19:00,1440.0,ios,1.0.2,True
S00632,U0075,2024-01-20 05:15:00,2024-01-20 06:08:00,3180.0,android,1.0.1,False
S00633,U0086,2024-01-07 19:43:00,2024-01-07 20:28:00,2700.0,ios,1.1.0,False
S00634,U0060,2024-01-02 05:43:00,2024-01-02 06:44:00,3660.0,android,1.0.2,True
S00635,U0195,2024-01-22 13:18:00,2024-01-22 13:37:00,1140.0,android,1.0.1,False
S00636,U0230,2024-01-13 23:09:00,2024-01-14 00:17:00,4080.0,ios,1.0.1,False
S00637,U0222,2024-01-20 22:15:00,2024-01-20 22:58:00,2580.0,android,1.0.2,True
S00638,U0131,2024-01-21 19:56:00,2024-01-21 21:23:00,5220.0,ios,1.1.0,True
S00639,U0267,2024-01-11 23:07:00,2024-01-11 23:31:00,1440.0,android,1.1.0,True
S00640,U0005,2024-01-27 02:19:00,,,ios,1.1.0,True
S00641,U0229,2024-01-12 07:29:00,2024-01-12 08:02:00,1980.0,ios,1.0.1,True
S00642,U0048,2024-01-02 20:16:00,2024-01-02 20:44:00,1680.0,ios,1.1.0,True
S00643,U0045,2024-01-28 20:38:00,2024-01-28 22:03:00,5100.0,ios,1.0.1,True
S00644,U0130,2024-01-10 15:56:00,2024-01-10 16:06:00,600.0,android,1.0.2,False
S00645,U0166,2024-01-09 05:31:00,2024-01-09 06:07:00,2160.0,ios,1.0.2,False
S00646,U0171,2024-01-02 08:48:00,2024-01-02 09:22:00,2040.0,ios,1.0.2,True
S00647,U0252,2024-01-30 06:50:00,2024-01-30 07:13:00,1380.0,android,1.0.1,True
S00648,U0277,2024-01-25 14:43:00,2024-01-25 16:06:00,4980.0,ios,1.0.2,False
S00649,U0053,2024-01-02 02:29:00,,,android,1.0.2,True
S00650,U0255,2024-01-05 22:17:00,2024-01-05 22:22:00,300.0,android,1.0.2,True
S00651,U0169,2024-01-29 13:21:00,2024-01-29 14:27:00,3960.0,android,1.0.2,False
S00652,U0207,2024-01-28 02:23:00,2024-01-28 02:24:00,60.0,android,1.1.0,False
S00653,U0063,2024-01-19 18:16:00,2024-01-19 19:02:00,2760.0,android,1.1.0,False
S00654,U0206,2024-01-02 21:34:00,2024-01-02 22:57:00,4980.0,ios,1.0.2,False
S00655,U0042,2024-01-27 15:41:00,2024-01-27 16:19:00,2280.0,ios,1.0.1,True
S00656,U0197,2024-01-22 06:31:00,2024-01-22 07:21:00,3000.0,ios,1.1.0,False
S00657,U0250,2024-01-03 21:35:00,2024-01-03 22:00:00,1500.0,ios,1.0.1,True
S00658,U0013,2024-01-24 20:14:00,2024-01-24 21:04:00,3000.0,ios,1.1.0,False
S00659,U0256,2024-01-18 15:20:00,2024-01-18 15:23:00,180.0,ios,1.0.2,True
S00660,U0173,2024-01-26 01:27:00,2024-01-26 01:55:00,1680.0,android,1.1.0,True
S00661,U0297,2024-01-08 02:27:00,,,ios,1.0.2,True
S00662,U0242,2024-01-30 21:06:00,,,ios,1.0.1,True
S00663,U0026,2024-01-29 10:29:00,2024-01-29 10:42:00,780.0,android,1.1.0,True
S00664,U0033,2024-01-27 03:37:00,2024-01-27 04:54:00,4620.0,ios,1.0.1,True
S00665,U0219,2024-01-11 23:09:00,2024-01-11 23:25:00,960.0,ios,1.0.2,True
S00666,U0024,2024-01-19 05:55:00,2024-01-19 06:11:00,960.0,android,1.0.1,False
S00667,U0087,2024-01-23 12:37:00,2024-01-23 13:34:00,3420.0,ios,1.1.0,True
S00668,U0069,2024-01-04 21:34:00,2024-01-04 21:55:00,1260.0,ios,1.0.2,True
S00669,U0004,2024-01-01 06:07:00,2024-01-01 07:31:00,5040.0,android,1.0.2,False
S00670,U0065,2024-01-07 04:53:00,2024-01-07 06:00:00,4020.0,android,1.0.2,True
S00671,U0090,2024-01-20 23:36:00,,,ios,1.1.0,False
S00672,U0046,2024-01-21 10:16:00,2024-01-21 10:17:00,60.0,ios,1.0.1,True
S00673,U0272,2024-01-04 21:07:00,2024-01-04 22:17:00,4200.0,ios,1.0.2,True
S00674,U0142,2024-01-02 06:36:00,2024-01-02 06:56:00,1200.0,android,1.0.2,True
S00675,U0082,2024-01-22 01:28:00,,,android,1.0.2,True
S00676,U0223,2024-01-09 11:24:00,2024-01-09 12:23:00,3540.0,ios,1.0.1,True
S00677,U0276,2024-01-06 05:23:00,2024-01-06 06:26:00,3780.0,ios,1.0.1,True
S00678,U0228,2024-01-19 19:47:00,2024-01-19 20:13:00,1560.0,android,1.0.1,True
S00679,U0167,2024-01-08 03:20:00,2024-01-08 04:13:00,3180.0,ios,1.0.2,True
S00680,U0038,2024-01-16 19:58:00,2024-01-16 20:54:00,3360.0,ios,1.0.1,False
S00681,U0092,2024-01-13 12:44:00,2024-01-13 13:09:00,1500.0,android,1.0.2,True
S00682,U0172,2024-01-05 01:05:00,2024-01-05 01:13:00,480.0,android,1.0.1,True
S00683,U0239,2024-01-15 14:16:00,2024-01-15 15:00:00,2640.0,ios,1.0.2,True
S00684,U0088,2024-01-19 18:52:00,2024-01-19 19:04:00,720.0,android,1.1.0,False
S00685,U0111,2024-01-19 16:09:00,2024-01-19 16:45:00,2160.0,ios,1.1.0,False
S00686,U0127,2024-01-08 11:10:00,2024-01-08 11:39:00,1740.0,ios,1.1.0,True
S00687,U0214,2024-01-02 01:22:00,2024-01-02 02:27:00,3900.0,ios,1.0.2,False
S00688,U0246,2024-01-26 23:46:00,2024-01-27 00:44:00,3480.0,android,1.0.1,True
S00689,U0286,2024-01-25 00:25:00,2024-01-25 01:18:00,3180.0,ios,1.0.1,False
S00690,U0152,2024-01-08 22:06:00,2024-01-08 22:09:00,180.0,android,1.1.0,False
S00691,U0083,2024-01-23 15:40:00,2024-01-23 16:55:00,4500.0,ios,1.0.2,False
S00692,U0071,2024-01-29 00:00:00,2024-01-29 00:48:00,2880.0,android,1.1.0,True
S00693,U0037,2024-01-13 23:34:00,2024-01-13 23:39:00,300.0,android,1.0.2,False
S00694,U0278,2024-01-19 07:04:00,2024-01-19 07:15:00,660.0,android,1.1.0,True
S00695,U0264,2024-01-30 23:01:00,2024-01-30 23:08:00,420.0,ios,1.0.2,False
S00696,U0239,2024-01-20 01:23:00,2024-01-20 01:46:00,1380.0,ios,1.1.0,True
S00697,U0071,2024-01-11 08:08:00,2024-01-11 09:32:00,5040.0,android,1.1.0,True
S00698,U0116,2024-01-11 12:02:00,2024-01-11 13:07:00,3900.0,android,1.0.2,True
S00699,U0033,2024-01-12 11:47:00,2024-01-12 12:52:00,3900.0,ios,1.0.2,False
S00700,U0232,2024-01-20 12:33:00,2024-01-20 14:02:00,5340.0,ios,1.0.1,False
S00701,U0045,2024-01-03 13:20:00,2024-01-03 13:57:00,2220.0,ios,1.0.1,True
S00702,U0142,2024-01-04 23:47:00,2024-01-05 00:07:00,1200.0,ios,1.1.0,True
S00703,U0151,2024-01-14 23:17:00,2024-01-14 23:34:00,1020.0,android,1.0.2,False
S00704,U0228,2024-01-24 22:00:00,,,ios,1.0.1,True
S00705,U0119,2024-01-27 17:44:00,2024-01-27 18:37:00,3180.0,android,1.1.0,False
S00706,U0249,2024-01-19 22:43:00,2024-01-19 23:54:00,4260.0,android,1.0.2,False
S00707,U0291,2024-01-05 10:27:00,2024-01-05 11:01:00,2040.0,ios,1.0.2,False
S00708,U0148,2024-01-25 01:36:00,2024-01-25 02:13:00,2220.0,android,1.0.1,True
S00709,U0275,2024-01-10 06:13:00,2024-01-10 07:42:00,5340.0,ios,1.0.1,True
S00710,U0060,2024-01-02 10:48:00,2024-01-02 11:45:00,3420.0,android,1.0.2,True
S00711,U0106,2024-01-18 01:11:00,2024-01-18 01:56:00,2700.0,ios,1.0.2,False
S00712,U0277,2024-01-06 18:12:00,2024-01-06 18:16:00,240.0,android,1.0.2,True
S00713,U0235,2024-01-30 10:55:00,2024-01-30 12:05:00,4200.0,android,1.1.0,False
S00714,U0243,2024-01-29 09:53:00,2024-01-29 11:07:00,4440.0,ios,1.1.0,False
S00715,U0174,2024-01-23 03:50:00,2024-01-23 03:56:00,360.0,ios,1.1.0,True
S00716,U0158,2024-01-01 13:42:00,2024-01-01 14:11:00,1740.0,android,1.0.2,True
S00717,U0168,2024-01-02 20:45:00,2024-01-02 22:00:00,4500.0,ios,1.0.2,True
S00718,U0012,2024-01-03 18:22:00,2024-01-03 19:49:00,5220.0,ios,1.1.0,False
S00719,U0100,2024-01-16 10:50:00,2024-01-16 11:56:00,3960.0,ios,1.1.0,False
S00720,U0204,2024-01-05 14:35:00,2024-01-05 15:23:00,2880.0,ios,1.0.2,False
S00721,U0180,2024-01-10 15:12:00,2024-01-10 15:24:00,720.0,ios,1.1.0,False
S00722,U0213,2024-01-26 15:06:00,2024-01-26 16:01:00,3300.0,android,1.0.1,True
S00723,U0074,2024-01-07 10:21:00,2024-01-07 11:29:00,4080.0,android,1.0.1,False
S00724,U0046,2024-01-01 13:58:00,2024-01-01 14:33:00,2100.0,android,1.0.1,False
S00725,U0291,2024-01-25 04:40:00,2024-01-25 05:29:00,2940.0,android,1.1.0,False
S00726,U0022,2024-01-27 10:18:00,2024-01-27 10:57:00,2340.0,android,1.1.0,False
S00727,U0115,2024-01-01 00:05:00,2024-01-01 00:44:00,2340.0,android,1.0.1,False
S00728,U0214,2024-01-06 16:47:00,2024-01-06 18:10:00,4980.0,ios,1.0.1,True
S00729,U0142,2024-01-16 02:16:00,2024-01-16 03:03:00,2820.0,android,1.1.0,False
S00730,U0133,2024-01-21 23:24:00,2024-01-22 00:53:00,5340.0,ios,1.0.2,True
S00731,U0133,2024-01-06 19:51:00,,,android,1.0.2,True
S00732,U0183,2024-01-06 01:48:00,2024-01-06 02:42:00,3240.0,android,1.0.1,False
S00733,U0150,2024-01-17 21:48:00,2024-01-17 22:54:00,3960.0,ios,1.1.0,True
S00734,U0049,2024-01-20 05:42:00,2024-01-20 06:23:00,2460.0,android,1.0.2,False
S00735,U0050,2024-01-18 19:47:00,2024-01-18 20:06:00,1140.0,ios,1.0.1,False
S00736,U0191,2024-01-25 16:33:00,2024-01-25 16:54:00,1260.0,ios,1.0.1,True
S00737,U0258,2024-01-08 06:25:00,2024-01-08 07:37:00,4320.0,ios,1.0.2,False
S00738,U0040,2024-01-04 04:28:00,2024-01-04 05:30:00,3720.0,android,1.0.2,False
S00739,U0072,2024-01-27 15:05:00,2024-01-27 16:22:00,4620.0,android,1.0.1,False
S00740,U0015,2024-01-24 04:02:00,2024-01-24 05:31:00,5340.0,ios,1.1.0,True
S00741,U0158,2024-01-05 07:09:00,2024-01-05 07:20:00,660.0,android,1.1.0,True
S00742,U0040,2024-01-01 16:31:00,2024-01-01 16:37:00,360.0,ios,1.0.1,True
S00743,U0263,2024-01-19 02:01:00,2024-01-19 02:34:00,1980.0,ios,1.0.1,False
S00744,U0006,2024-01-25 03:17:00,2024-01-25 04:35:00,4680.0,ios,1.1.0,True
S00745,U0095,2024-01-22 11:59:00,,,ios,1.1.0,False
S00746,U0297,2024-01-12 12:01:00,2024-01-12 13:06:00,3900.0,ios,1.1.0,True
S00747,U0051,2024-01-27 19:44:00,2024-01-27 20:52:00,4080.0,ios,1.1.0,True
S00748,U0145,2024-01-06 18:20:00,,,ios,1.0.1,False
S00749,U0188,2024-01-23 20:07:00,2024-01-23 21:34:00,5220.0,ios,1.0.1,False
S00750,U0195,2024-01-14 07:18:00,2024-01-14 08:11:00,3180.0,ios,1.0.2,True
S00751,U0239,2024-01-04 17:44:00,2024-01-04 18:31:00,2820.0,android,1.1.0,True
S00752,U0043,2024-01-11 16:51:00,2024-01-11 17:28:00,2220.0,android,1.1.0,False
S00753,U0228,2024-01-08 18:54:00,2024-01-08 19:49:00,3300.0,ios,1.0.1,False
S00754,U0189,2024-01-06 00:26:00,2024-01-06 01:29:00,3780.0,ios,1.0.2,False
S00755,U0268,2024-01-22 23:05:00,,,ios,1.0.2,False
S00756,U0053,2024-01-24 05:45:00,,,ios,1.0.2,True
S00757,U0207,2024-01-04 07:56:00,2024-01-04 09:00:00,3840.0,android,1.1.0,False
S00758,U0205,2024-01-12 16:14:00,2024-01-12 17:06:00,3120.0,android,1.1.0,False
S00759,U0076,2024-01-25 15:31:00,2024-01-25 16:04:00,1980.0,android,1.0.2,True
S00760,U0069,2024-01-01 03:23:00,2024-01-01 03:32:00,540.0,android,1.1.0,True
S00761,U0092,2024-01-13 20:38:00,2024-01-13 20:58:00,1200.0,android,1.1.0,True
S00762,U0040,2024-01-22 17:44:00,2024-01-22 18:44:00,3600.0,ios,1.0.2,False
S00763,U0252,2024-01-17 08:55:00,2024-01-17 10:05:00,4200.0,ios,1.0.1,False
S00764,U0061,2024-01-13 15:21:00,2024-01-13 16:10:00,2940.0,android,1.0.2,True
S00765,U0017,2024-01-06 19:00:00,2024-01-06 19:39:00,2340.0,ios,1.0.2,False
S00766,U0069,2024-01-10 13:16:00,2024-01-10 13:31:00,900.0,android,1.1.0,False
S00767,U0244,2024-01-18 05:20:00,2024-01-18 06:11:00,3060.0,android,1.0.2,False
S00768,U0181,2024-01-25 09:42:00,2024-01-25 09:46:00,240.0,ios,1.0.1,False
S00769,U0179,2024-01-26 19:55:00,,,android,1.0.2,True
S00770,U0220,2024-01-12 12:11:00,2024-01-12 12:19:00,480.0,ios,1.0.1,True
S00771,U0160,2024-01-19 02:53:00,2024-01-19 03:02:00,540.0,android,1.0.1,False
S00772,U0087,2024-01-01 18:22:00,2024-01-01 19:21:00,3540.0,android,1.1.0,False
S00773,U0137,2024-01-01 23:45:00,2024-01-01 23:48:00,180.0,android,1.0.2,False
S00774,U0166,2024-01-19 03:20:00,2024-01-19 03:33:00,780.0,ios,1.0.2,False
S00775,U0258,2024-01-26 22:46:00,2024-01-27 00:05:00,4740.0,android,1.0.2,False
S00776,U0104,2024-01-16 21:41:00,2024-01-16 21:51:00,600.0,ios,1.0.2,False
S00777,U0025,2024-01-10 19:34:00,2024-01-10 20:03:00,1740.0,ios,1.1.0,True
S00778,U0173,2024-01-09 02:17:00,2024-01-09 03:25:00,4080.0,android,1.0.2,True
S00779,U0178,2024-01-26 02:37:00,2024-01-26 03:16:00,2340.0,android,1.0.2,False
S00780,U0103,2024-01-14 13:43:00,2024-01-14 14:49:00,3960.0,android,1.1.0,True
S00781,U0010,2024-01-22 00:00:00,2024-01-22 00:24:00,1440.0,android,1.0.1,False
S00782,U0138,2024-01-30 21:46:00,2024-01-30 23:05:00,4740.0,android,1.1.0,True
S00783,U0268,2024-01-07 12:26:00,2024-01-07 12:57:00,1860.0,ios,1.1.0,False
S00784,U0223,2024-01-14 10:52:00,2024-01-14 11:01:00,540.0,ios,1.0.2,False
S00785,U0147,2024-01-21 05:28:00,2024-01-21 06:45:00,4620.0,ios,1.0.2,True
S00786,U0059,2024-01-05 06:33:00,,,android,1.0.2,False
S00787,U0287,2024-01-14 14:24:00,2024-01-14 14:29:00,300.0,ios,1.0.1,False
S00788,U0070,2024-01-01 08:49:00,2024-01-01 09:25:00,2160.0,ios,1.1.0,True
S00789,U0249,2024-01-26 00:40:00,,,ios,1.0.2,False
S00790,U0033,2024-01-29 13:53:00,2024-01-29 15:19:00,5160.0,ios,1.0.2,True
S00791,U0121,2024-01-04 19:29:00,2024-01-04 19:45:00,960.0,android,1.0.2,True
S00792,U0122,2024-01-20 04:10:00,2024-01-20 04:51:00,2460.0,android,1.1.0,False
S00793,U0121,2024-01-30 14:26:00,2024-01-30 14:40:00,840.0,ios,1.0.1,False
S00794,U0226,2024-01-14 08:40:00,2024-01-14 08:48:00,480.0,android,1.1.0,False
S00795,U0058,2024-01-11 18:37:00,2024-01-11 20:05:00,5280.0,ios,1.0.2,True
S00796,U0186,2024-01-16 12:33:00,2024-01-16 12:36:00,180.0,ios,1.1.0,True
S00797,U0123,2024-01-09 18:51:00,2024-01-09 20:13:00,4920.0,android,1.1.0,True
S00798,U0274,2024-01-28 08:04:00,2024-01-28 08:54:00,3000.0,ios,1.0.2,False
S00799,U0155,2024-01-03 08:02:00,2024-01-03 08:23:00,1260.0,android,1.1.0,False
S00800,U0209,2024-01-26 01:09:00,2024-01-26 01:20:00,660.0,android,1.0.2,False
S00801,U0171,2024-01-23 14:25:00,2024-01-23 14:38:00,780.0,ios,1.1.0,False
S00802,U0260,2024-01-03 12:00:00,2024-01-03 13:11:00,4260.0,android,1.0.2,True
S00803,U0027,2024-01-21 21:53:00,2024-01-21 22:50:00,3420.0,ios,1.0.1,False
S00804,U0103,2024-01-21 10:25:00,2024-01-21 10:36:00,660.0,ios,1.0.1,True
S00805,U0265,2024-01-23 22:09:00,2024-01-23 23:26:00,4620.0,android,1.0.2,False
S00806,U0245,2024-01-28 04:33:00,2024-01-28 06:01:00,5280.0,android,1.0.2,True
S00807,U0044,2024-01-14 12:32:00,2024-01-14 13:21:00,2940.0,ios,1.0.1,True
S00808,U0286,2024-01-21 20:53:00,2024-01-21 21:05:00,720.0,android,1.0.1,False
S00809,U0087,2024-01-02 13:41:00,2024-01-02 14:58:00,4620.0,android,1.0.1,True
S00810,U0189,2024-01-06 19:21:00,2024-01-06 20:29:00,4080.0,android,1.0.2,False
S00811,U0061,2024-01-08 06:56:00,2024-01-08 07:31:00,2100.0,android,1.1.0,False
S00812,U0196,2024-01-05 14:43:00,2024-01-05 16:00:00,4620.0,ios,1.0.2,True
S00813,U0215,2024-01-06 13:56:00,2024-01-06 14:00:00,240.0,android,1.0.2,True
S00814,U0231,2024-01-30 08:28:00,2024-01-30 09:56:00,5280.0,android,1.0.1,True
S00815,U0241,2024-01-05 11:02:00,2024-01-05 11:53:00,3060.0,ios,1.1.0,False
S00816,U0217,2024-01-24 20:23:00,2024-01-24 20:36:00,780.0,ios,1.0.1,False
S00817,U0121,2024-01-16 12:05:00,2024-01-16 13:31:00,5160.0,ios,1.0.1,False
S00818,U0259,2024-01-20 13:00:00,2024-01-20 13:51:00,3060.0,android,1.0.1,True
S00819,U0298,2024-01-06 08:53:00,2024-01-06 09:57:00,3840.0,android,1.0.2,True
S00820,U0046,2024-01-11 18:06:00,2024-01-11 18:40:00,2040.0,ios,1.0.2,True
S00821,U0066,2024-01-16 09:35:00,2024-01-16 10:31:00,3360.0,android,1.0.2,False
S00822,U0265,2024-01-11 14:52:00,2024-01-11 15:33:00,2460.0,android,1.0.1,False
S00823,U0028,2024-01-07 05:04:00,,,ios,1.0.1,False
S00824,U0134,2024-01-06 15:56:00,2024-01-06 17:00:00,3840.0,ios,1.0.2,False
S00825,U0288,2024-01-16 15:37:00,2024-01-16 15:56:00,1140.0,ios,1.0.2,True
S00826,U0105,2024-01-28 09:41:00,2024-01-28 10:03:00,1320.0,android,1.1.0,True
S00827,U0299,2024-01-01 17:57:00,2024-01-01 18:21:00,1440.0,android,1.0.1,True
S00828,U0256,2024-01-22 03:13:00,2024-01-22 03:17:00,240.0,android,1.1.0,True
S00829,U0202,2024-01-12 20:09:00,2024-01-12 20:23:00,840.0,android,1.0.1,True
S00830,U0042,2024-01-15 22:30:00,2024-01-15 23:51:00,4860.0,android,1.1.0,True
S00831,U0169,2024-01-02 22:23:00,2024-01-02 23:21:00,3480.0,android,1.1.0,True
S00832,U0109,2024-01-28 01:39:00,2024-01-28 02:16:00,2220.0,android,1.0.1,True
S00833,U0281,2024-01-20 13:01:00,,,android,1.0.1,True
S00834,U0205,2024-01-03 00:42:00,2024-01-03 01:03:00,1260.0,android,1.0.2,False
S00835,U0079,2024-01-04 10:11:00,2024-01-04 11:07:00,3360.0,android,1.1.0,True
S00836,U0184,2024-01-22 03:16:00,2024-01-22 04:22:00,3960.0,ios,1.0.2,False
S00837,U0199,2024-01-16 09:09:00,2024-01-16 10:04:00,3300.0,ios,1.0.2,False
S00838,U0096,2024-01-14 21:31:00,2024-01-14 21:37:00,360.0,android,1.0.2,True
S00839,U0080,2024-01-30 16:54:00,2024-01-30 18:17:00,4980.0,ios,1.0.2,False
S00840,U0224,2024-01-03 16:18:00,2024-01-03 16:35:00,1020.0,android,1.0.1,False
S00841,U0152,2024-01-19 01:37:00,2024-01-19 01:43:00,360.0,ios,1.1.0,False
S00842,U0212,2024-01-04 15:51:00,2024-01-04 17:04:00,4380.0,android,1.0.2,False
S00843,U0300,2024-01-03 17:11:00,,,android,1.0.1,True
S00844,U0202,2024-01-02 02:50:00,2024-01-02 03:29:00,2340.0,android,1.1.0,False
S00845,U0231,2024-01-20 09:02:00,2024-01-20 09:26:00,1440.0,ios,1.0.1,True
S00846,U0133,2024-01-28 22:59:00,2024-01-29 00:08:00,4140.0,ios,1.0.1,False
S00847,U0060,2024-01-01 05:51:00,2024-01-01 06:50:00,3540.0,android,1.1.0,False
S00848,U0156,2024-01-20 21:03:00,2024-01-20 22:30:00,5220.0,android,1.0.2,True
S00849,U0065,2024-01-05 00:28:00,2024-01-05 00:31:00,180.0,ios,1.0.1,True
S00850,U0247,2024-01-21 04:57:00,2024-01-21 05:53:00,3360.0,ios,1.0.1,False
S00851,U0238,2024-01-05 16:10:00,2024-01-05 16:25:00,900.0,ios,1.0.1,False
S00852,U0249,2024-01-16 00:40:00,2024-01-16 01:55:00,4500.0,ios,1.0.1,False
S00853,U0292,2024-01-27 13:22:00,,,ios,1.0.1,False
S00854,U0213,2024-01-28 16:55:00,2024-01-28 18:12:00,4620.0,android,1.0.1,False
S00855,U0205,2024-01-16 17:31:00,2024-01-16 18:50:00,4740.0,android,1.0.1,True
S00856,U0271,2024-01-01 14:24:00,2024-01-01 15:35:00,4260.0,ios,1.0.2,False
S00857,U0243,2024-01-04 16:53:00,2024-01-04 18:16:00,4980.0,android,1.0.2,False
S00858,U0011,2024-01-06 09:49:00,2024-01-06 10:50:00,3660.0,android,1.0.2,True
S00859,U0260,2024-01-08 20:03:00,2024-01-08 20:47:00,2640.0,android,1.0.1,False
S00860,U0200,2024-01-14 22:58:00,2024-01-14 23:45:00,2820.0,android,1.0.1,True
S00861,U0145,2024-01-23 02:56:00,2024-01-23 03:13:00,1020.0,ios,1.0.1,True
S00862,U0252,2024-01-04 14:11:00,2024-01-04 15:15:00,3840.0,android,1.0.1,True
S00863,U0286,2024-01-02 00:37:00,2024-01-02 01:11:00,2040.0,android,1.1.0,True
S00864,U0090,2024-01-27 17:11:00,,,ios,1.0.2,False
S00865,U0059,2024-01-20 07:44:00,2024-01-20 08:13:00,1740.0,android,1.0.2,False
S00866,U0182,2024-01-25 01:35:00,2024-01-25 02:47:00,4320.0,android,1.0.1,True
S00867,U0026,2024-01-30 14:56:00,2024-01-30 15:11:00,900.0,ios,1.1.0,True
S00868,U0288,2024-01-02 17:18:00,2024-01-02 18:39:00,4860.0,ios,1.0.1,False
S00869,U0081,2024-01-24 09:58:00,2024-01-24 11:03:00,3900.0,android,1.1.0,True
S00870,U0079,2024-01-21 12:24:00,2024-01-21 12:42:00,1080.0,ios,1.0.1,False
S00871,U0213,2024-01-25 00:13:00,2024-01-25 01:14:00,3660.0,android,1.0.2,True
S00872,U0044,2024-01-09 12:42:00,2024-01-09 13:36:00,3240.0,android,1.1.0,True
S00873,U0078,2024-01-25 18:04:00,2024-01-25 18:34:00,1800.0,ios,1.0.2,False
S00874,U0210,2024-01-29 15:39:00,2024-01-29 16:46:00,4020.0,android,1.0.1,False
S00875,U0075,2024-01-25 00:20:00,2024-01-25 01:27:00,4020.0,ios,1.0.1,False
S00876,U0162,2024-01-13 05:36:00,2024-01-13 06:27:00,3060.0,ios,1.1.0,True
S00877,U0295,2024-01-02 21:33:00,2024-01-02 22:58:00,5100.0,android,1.0.2,False
S00878,U0284,2024-01-28 10:23:00,2024-01-28 11:04:00,2460.0,android,1.0.1,False
S00879,U0271,2024-01-20 05:00:00,2024-01-20 05:58:00,3480.0,ios,1.1.0,False
S00880,U0177,2024-01-29 22:08:00,2024-01-29 22:34:00,1560.0,android,1.0.1,True
S00881,U0276,2024-01-11 13:18:00,2024-01-11 13:35:00,1020.0,android,1.0.1,True
S00882,U0262,2024-01-18 10:39:00,2024-01-18 12:01:00,4920.0,ios,1.0.1,True
S00883,U0277,2024-01-19 08:49:00,2024-01-19 09:28:00,2340.0,android,1.1.0,True
S00884,U0031,2024-01-27 12:43:00,2024-01-27 13:48:00,3900.0,android,1.0.1,True
S00885,U0064,2024-01-15 10:10:00,2024-01-15 10:11:00,60.0,android,1.0.2,True
S00886,U0298,2024-01-19 21:25:00,2024-01-19 22:42:00,4620.0,ios,1.0.2,False
S00887,U0146,2024-01-22 19:33:00,2024-01-22 20:22:00,2940.0,ios,1.0.1,False
S00888,U0265,2024-01-19 06:34:00,2024-01-19 07:21:00,2820.0,android,1.0.1,True
S00889,U0218,2024-01-27 14:03:00,,,ios,1.0.2,True
S00890,U0244,2024-01-07 15:13:00,,,android,1.1.0,False
S00891,U0136,2024-01-19 17:01:00,2024-01-19 17:58:00,3420.0,android,1.1.0,False
S00892,U0084,2024-01-05 17:15:00,2024-01-05 18:14:00,3540.0,ios,1.1.0,True
S00893,U0109,2024-01-15 16:09:00,,,ios,1.1.0,False
S00894,U0061,2024-01-20 13:56:00,2024-01-20 14:44:00,2880.0,android,1.0.1,True
S00895,U0061,2024-01-12 10:24:00,2024-01-12 11:03:00,2340.0,android,1.0.2,True
S00896,U0074,2024-01-05 20:07:00,2024-01-05 20:47:00,2400.0,android,1.0.1,True
S00897,U0251,2024-01-01 04:10:00,2024-01-01 04:19:00,540.0,ios,1.0.2,False
S00898,U0294,2024-01-10 19:18:00,2024-01-10 20:02:00,2640.0,android,1.0.2,True
S00899,U0071,2024-01-17 21:43:00,2024-01-17 22:41:00,3480.0,android,1.0.1,False
S00900,U0046,2024-01-26 21:19:00,2024-01-26 22:12:00,3180.0,android,1.0.1,False
S00901,U0174,2024-01-18 01:33:00,2024-01-18 02:30:00,3420.0,android,1.1.0,True
S00902,U0085,2024-01-23 00:50:00,2024-01-23 01:30:00,2400.0,ios,1.1.0,True
S00903,U0099,2024-01-20 18:29:00,2024-01-20 18:36:00,420.0,ios,1.0.2,True
S00904,U0062,2024-01-22 18:09:00,2024-01-22 18:12:00,180.0,android,1.0.1,True
S00905,U0297,2024-01-15 02:53:00,2024-01-15 04:11:00,4680.0,android,1.0.2,True
S00906,U0252,2024-01-28 00:47:00,2024-01-28 01:11:00,1440.0,android,1.0.1,False
S00907,U0196,2024-01-09 03:06:00,2024-01-09 03:19:00,780.0,ios,1.0.2,True
S00908,U0094,2024-01-09 03:03:00,2024-01-09 03:56:00,3180.0,ios,1.0.1,False
S00909,U0093,2024-01-01 01:59:00,2024-01-01 02:12:00,780.0,android,1.0.1,False
S00910,U0166,2024-01-09 12:49:00,2024-01-09 13:05:00,960.0,ios,1.0.1,True
S00911,U0122,2024-01-16 17:21:00,2024-01-16 18:11:00,3000.0,ios,1.0.2,True
S00912,U0163,2024-01-15 18:52:00,2024-01-15 19:54:00,3720.0,ios,1.0.2,True
S00913,U0010,2024-01-09 18:54:00,2024-01-09 20:21:00,5220.0,ios,1.0.1,True
S00914,U0156,2024-01-19 13:53:00,2024-01-19 15:15:00,4920.0,ios,1.0.1,False
S00915,U0277,2024-01-06 08:22:00,2024-01-06 09:17:00,3300.0,android,1.0.1,True
S00916,U0238,2024-01-27 21:11:00,2024-01-27 21:33:00,1320.0,ios,1.0.1,False
S00917,U0140,2024-01-20 08:33:00,2024-01-20 09:22:00,2940.0,android,1.1.0,True
S00918,U0300,2024-01-27 17:25:00,2024-01-27 17:46:00,1260.0,ios,1.0.2,True
S00919,U0203,2024-01-23 04:11:00,2024-01-23 05:23:00,4320.0,android,1.0.2,True
S00920,U0259,2024-01-26 10:51:00,2024-01-26 11:35:00,2640.0,android,1.1.0,False
S00921,U0140,2024-01-08 22:36:00,2024-01-08 23:20:00,2640.0,ios,1.0.2,False
S00922,U0009,2024-01-30 23:36:00,2024-01-30 23:37:00,60.0,android,1.0.1,True
S00923,U0089,2024-01-14 18:58:00,2024-01-14 20:01:00,3780.0,android,1.1.0,True
S00924,U0040,2024-01-18 01:03:00,2024-01-18 02:29:00,5160.0,android,1.1.0,True
S00925,U0181,2024-01-27 12:50:00,2024-01-27 13:36:00,2760.0,android,1.0.1,True
S00926,U0064,2024-01-15 12:38:00,2024-01-15 13:35:00,3420.0,ios,1.0.1,True
S00927,U0144,2024-01-22 12:12:00,2024-01-22 13:31:00,4740.0,android,1.1.0,True
S00928,U0120,2024-01-16 12:23:00,,,android,1.1.0,True
S00929,U0004,2024-01-07 21:47:00,2024-01-07 22:23:00,2160.0,android,1.0.1,True
S00930,U0290,2024-01-22 23:17:00,2024-01-22 23:40:00,1380.0,ios,1.1.0,True
S00931,U0034,2024-01-05 08:51:00,2024-01-05 09:21:00,1800.0,android,1.0.1,True
S00932,U0273,2024-01-20 08:37:00,2024-01-20 09:36:00,3540.0,ios,1.0.2,True
S00933,U0166,2024-01-14 13:53:00,2024-01-14 15:21:00,5280.0,android,1.0.2,False
S00934,U0265,2024-01-25 01:29:00,2024-01-25 01:58:00,1740.0,ios,1.0.2,False
S00935,U0273,2024-01-15 10:47:00,,,ios,1.0.2,True
S00936,U0293,2024-01-26 00:51:00,2024-01-26 01:20:00,1740.0,android,1.0.1,True
S00937,U0101,2024-01-06 11:14:00,2024-01-06 12:35:00,4860.0,ios,1.0.1,False
S00938,U0222,2024-01-26 00:49:00,2024-01-26 02:10:00,4860.0,android,1.0.2,True
S00939,U0056,2024-01-16 08:08:00,2024-01-16 08:15:00,420.0,android,1.1.0,True
S00940,U0038,2024-01-25 20:28:00,2024-01-25 20:41:00,780.0,android,1.1.0,True
S00941,U0044,2024-01-02 01:08:00,2024-01-02 02:37:00,5340.0,ios,1.0.1,True
S00942,U0227,2024-01-02 10:17:00,2024-01-02 11:13:00,3360.0,ios,1.0.1,True
S00943,U0287,2024-01-02 10:03:00,2024-01-02 10:55:00,3120.0,ios,1.1.0,False
S00944,U0120,2024-01-28 20:27:00,2024-01-28 21:47:00,4800.0,ios,1.0.2,False
S00945,U0238,2024-01-26 14:36:00,2024-01-26 15:56:00,4800.0,ios,1.0.2,True
S00946,U0233,2024-01-17 11:12:00,2024-01-17 11:26:00,840.0,ios,1.0.1,True
S00947,U0100,2024-01-29 19:33:00,2024-01-29 20:39:00,3960.0,android,1.0.2,False
S00948,U0247,2024-01-24 21:11:00,2024-01-24 21:43:00,1920.0,ios,1.0.1,True
S00949,U0066,2024-01-10 19:57:00,2024-01-10 21:21:00,5040.0,android,1.0.2,True
S00950,U0076,2024-01-16 10:32:00,2024-01-16 11:10:00,2280.0,android,1.0.1,True
S00951,U0030,2024-01-08 17:18:00,2024-01-08 18:30:00,4320.0,ios,1.0.2,False
S00952,U0101,2024-01-07 21:51:00,2024-01-07 22:00:00,540.0,android,1.0.1,False
S00953,U0240,2024-01-20 23:38:00,2024-01-21 00:53:00,4500.0,android,1.1.0,False
S00954,U0215,2024-01-11 05:32:00,2024-01-11 05:38:00,360.0,android,1.0.1,True
S00955,U0115,2024-01-23 07:51:00,2024-01-23 08:19:00,1680.0,ios,1.0.2,False
S00956,U0193,2024-01-07 13:39:00,2024-01-07 13:40:00,60.0,android,1.0.1,True
S00957,U0184,2024-01-01 18:56:00,2024-01-01 19:34:00,2280.0,android,1.0.1,False
S00958,U0023,2024-01-01 06:47:00,2024-01-01 07:10:00,1380.0,ios,1.0.2,True
S00959,U0174,2024-01-28 18:55:00,2024-01-28 19:21:00,1560.0,ios,1.0.1,False
S00960,U0052,2024-01-01 23:07:00,2024-01-02 00:31:00,5040.0,ios,1.0.2,True
S00961,U0157,2024-01-15 08:11:00,2024-01-15 08:59:00,2880.0,ios,1.1.0,False
S00962,U0034,2024-01-04 04:55:00,2024-01-04 05:12:00,1020.0,ios,1.0.1,False
S00963,U0192,2024-01-11 20:27:00,2024-01-11 21:49:00,4920.0,ios,1.0.1,True
S00964,U0275,2024-01-10 05:04:00,2024-01-10 05:11:00,420.0,android,1.0.1,False
S00965,U0108,2024-01-24 02:46:00,2024-01-24 04:11:00,5100.0,ios,1.0.1,False
S00966,U0261,2024-01-12 17:01:00,2024-01-12 17:24:00,1380.0,android,1.1.0,False
S00967,U0270,2024-01-23 16:29:00,2024-01-23 17:33:00,3840.0,android,1.0.2,False
S00968,U0299,2024-01-21 01:14:00,2024-01-21 01:40:00,1560.0,android,1.0.1,False
S00969,U0112,2024-01-10 14:30:00,2024-01-10 15:44:00,4440.0,ios,1.0.2,False
S00970,U0282,2024-01-03 04:35:00,2024-01-03 05:13:00,2280.0,android,1.1.0,False
S00971,U0118,2024-01-19 01:24:00,2024-01-19 02:44:00,4800.0,android,1.0.2,False
S00972,U0240,2024-01-14 13:57:00,2024-01-14 15:01:00,3840.0,android,1.0.2,False
S00973,U0013,2024-01-06 15:04:00,2024-01-06 16:27:00,4980.0,ios,1.0.2,True
S00974,U0151,2024-01-27 17:07:00,2024-01-27 18:30:00,4980.0,ios,1.0.2,True
S00975,U0051,2024-01-04 02:26:00,2024-01-04 03:36:00,4200.0,ios,1.0.2,True
S00976,U0169,2024-01-09 10:19:00,2024-01-09 11:47:00,5280.0,android,1.0.1,True
S00977,U0279,2024-01-30 08:54:00,,,android,1.0.2,False
S00978,U0207,2024-01-13 19:47:00,2024-01-13 19:49:00,120.0,android,1.1.0,True
S00979,U0204,2024-01-08 07:44:00,2024-01-08 08:11:00,1620.0,android,1.0.1,False
S00980,U0237,2024-01-11 02:55:00,2024-01-11 03:20:00,1500.0,android,1.1.0,False
S00981,U0108,2024-01-15 15:21:00,2024-01-15 15:25:00,240.0,android,1.0.1,True
S00982,U0157,2024-01-24 00:19:00,2024-01-24 01:44:00,5100.0,android,1.0.2,True
S00983,U0215,2024-01-14 23:24:00,2024-01-15 00:53:00,5340.0,android,1.0.2,True
S00984,U0291,2024-01-26 01:05:00,2024-01-26 01:25:00,1200.0,android,1.1.0,False
S00985,U0196,2024-01-07 13:20:00,,,android,1.0.1,False
S00986,U0056,2024-01-11 19:26:00,2024-01-11 20:48:00,4920.0,android,1.0.1,True
S00987,U0054,2024-01-22 18:52:00,2024-01-22 20:21:00,5340.0,android,1.0.1,True
S00988,U0102,2024-01-03 13:10:00,2024-01-03 13:40:00,1800.0,android,1.1.0,True
S00989,U0233,2024-01-02 12:34:00,2024-01-02 12:56:00,1320.0,android,1.0.2,False
S00990,U0081,2024-01-04 04:24:00,2024-01-04 05:26:00,3720.0,ios,1.0.2,True
S00991,U0067,2024-01-28 07:01:00,2024-01-28 08:27:00,5160.0,android,1.0.1,False
S00992,U0104,2024-01-17 23:22:00,2024-01-17 23:48:00,1560.0,ios,1.0.1,False
S00993,U0033,2024-01-27 13:37:00,2024-01-27 14:09:00,1920.0,android,1.1.0,False
S00994,U0236,2024-01-15 19:39:00,,,ios,1.0.2,False
S00995,U0178,2024-01-23 10:09:00,2024-01-23 10:32:00,1380.0,android,1.0.1,True
S00996,U0222,2024-01-15 13:07:00,2024-01-15 13:31:00,1440.0,ios,1.0.2,True
S00997,U0123,2024-01-29 05:23:00,2024-01-29 06:44:00,4860.0,android,1.1.0,True
S00998,U0112,2024-01-30 16:50:00,2024-01-30 18:01:00,4260.0,ios,1.0.2,True
S00999,U0054,2024-01-17 11:07:00,2024-01-17 11:29:00,1320.0,android,1.0.1,True
S01000,U0237,2024-01-01 02:29:00,2024-01-01 03:56:00,5220.0,android,1.0.2,False
S01001,U0205,2024-01-28 06:38:00,2024-01-28 06:40:00,120.0,android,1.0.1,True
S01002,U0168,2024-01-22 15:50:00,2024-01-22 15:59:00,540.0,ios,1.1.0,True
S01003,U0225,2024-01-05 16:04:00,2024-01-05 16:25:00,1260.0,ios,1.0.1,True
S01004,U0091,2024-01-10 04:14:00,2024-01-10 05:05:00,3060.0,ios,1.0.1,True
S01005,U0140,2024-01-05 15:02:00,2024-01-05 15:30:00,1680.0,ios,1.1.0,True
S01006,U0227,2024-01-23 01:37:00,2024-01-23 02:44:00,4020.0,ios,1.0.2,False
S01007,U0228,2024-01-02 20:25:00,,,android,1.0.1,True
S01008,U0192,2024-01-30 08:08:00,2024-01-30 08:11:00,180.0,android,1.0.1,True
S01009,U0173,2024-01-27 06:33:00,2024-01-27 06:42:00,540.0,ios,1.0.1,True
S01010,U0086,2024-01-02 14:11:00,2024-01-02 14:53:00,2520.0,android,1.1.0,True
S01011,U0107,2024-01-30 18:29:00,2024-01-30 19:24:00,3300.0,ios,1.0.1,True
S01012,U0055,2024-01-12 11:02:00,2024-01-12 11:54:00,3120.0,android,1.0.1,False
S01013,U0109,2024-01-15 07:30:00,,,android,1.1.0,False
S01014,U0023,2024-01-03 07:27:00,2024-01-03 08:44:00,4620.0,android,1.0.1,True
S01015,U0129,2024-01-04 20:28:00,2024-01-04 21:49:00,4860.0,android,1.1.0,True
S01016,U0171,2024-01-06 21:41:00,2024-01-06 23:10:00,5340.0,android,1.1.0,False
S01017,U0035,2024-01-11 00:36:00,2024-01-11 01:51:00,4500.0,android,1.0.2,True
S01018,U0258,2024-01-19 00:27:00,2024-01-19 01:46:00,4740.0,ios,1.0.2,True
S01019,U0220,2024-01-25 08:18:00,2024-01-25 08:26:00,480.0,ios,1.0.2,False
S01020,U0152,2024-01-07 05:10:00,2024-01-07 06:33:00,4980.0,ios,1.0.1,False
S01021,U0169,2024-01-05 09:29:00,2024-01-05 09:35:00,360.0,android,1.1.0,False
S01022,U0013,2024-01-08 11:18:00,2024-01-08 11:45:00,1620.0,ios,1.1.0,True
S01023,U0114,2024-01-20 13:01:00,2024-01-20 13:25:00,1440.0,android,1.1.0,True
S01024,U0034,2024-01-28 16:46:00,,,ios,1.0.1,True
S01025,U0105,2024-01-05 03:07:00,2024-01-05 04:18:00,4260.0,ios,1.0.1,True
S01026,U0219,2024-01-24 15:56:00,2024-01-24 16:22:00,1560.0,ios,1.0.2,True
S01027,U0128,2024-01-10 09:44:00,2024-01-10 11:06:00,4920.0,ios,1.0.2,False
S01028,U0041,2024-01-12 13:35:00,2024-01-12 14:36:00,3660.0,android,1.0.2,False
S01029,U0080,2024-01-27 16:27:00,,,android,1.0.2,True
S01030,U0154,2024-01-20 18:20:00,2024-01-20 18:43:00,1380.0,android,1.0.2,False
S01031,U0157,2024-01-15 09:40:00,2024-01-15 10:58:00,4680.0,android,1.0.1,False
S01032,U0070,2024-01-23 16:01:00,2024-01-23 16:26:00,1500.0,ios,1.0.1,False
S01033,U0252,2024-01-13 14:11:00,2024-01-13 14:59:00,2880.0,android,1.0.2,False
S01034,U0037,2024-01-14 01:19:00,2024-01-14 01:35:00,960.0,android,1.1.0,True
S01035,U0100,2024-01-25 14:53:00,2024-01-25 15:38:00,2700.0,android,1.1.0,False
S01036,U0030,2024-01-21 13:09:00,2024-01-21 13:41:00,1920.0,ios,1.0.2,True
S01037,U0186,2024-01-21 23:05:00,,,ios,1.0.2,False
S01038,U0076,2024-01-09 08:26:00,2024-01-09 09:51:00,5100.0,ios,1.0.1,True
S01039,U0048,2024-01-21 13:07:00,2024-01-21 14:23:00,4560.0,ios,1.1.0,True
S01040,U0217,2024-01-06 14:34:00,2024-01-06 15:13:00,2340.0,android,1.1.0,False
S01041,U0211,2024-01-25 03:02:00,2024-01-25 04:16:00,4440.0,android,1.0.1,False
S01042,U0108,2024-01-30 13:35:00,2024-01-30 13:36:00,60.0,ios,1.0.2,True
S01043,U0050,2024-01-03 23:46:00,2024-01-04 00:40:00,3240.0,android,1.1.0,False
S01044,U0088,2024-01-06 12:47:00,2024-01-06 13:05:00,1080.0,ios,1.0.2,True
S01045,U0258,2024-01-04 15:22:00,2024-01-04 15:50:00,1680.0,ios,1.0.1,True
S01046,U0094,2024-01-26 06:32:00,2024-01-26 07:25:00,3180.0,android,1.1.0,True
S01047,U0086,2024-01-03 10:00:00,,,ios,1.0.2,True
S01048,U0176,2024-01-01 19:59:00,2024-01-01 21:02:00,3780.0,ios,1.0.1,True
S01049,U0137,2024-01-25 00:14:00,2024-01-25 00:20:00,360.0,ios,1.0.1,True
S01050,U0193,2024-01-20 17:45:00,2024-01-20 18:20:00,2100.0,android,1.0.2,False
S01051,U0220,2024-01-11 12:39:00,2024-01-11 13:23:00,2640.0,android,1.0.1,False
S01052,U0205,2024-01-13 20:50:00,,,android,1.0.2,True
S01053,U0002,2024-01-15 23:50:00,2024-01-16 00:08:00,1080.0,ios,1.1.0,True
S01054,U0272,2024-01-09 23:52:00,2024-01-10 00:24:00,1920.0,android,1.0.2,False
S01055,U0264,2024-01-14 22:32:00,2024-01-14 23:54:00,4920.0,android,1.0.1,False
S01056,U0024,2024-01-26 11:06:00,2024-01-26 11:36:00,1800.0,android,1.0.2,True
S01057,U0179,2024-01-14 16:15:00,2024-01-14 17:45:00,5400.0,ios,1.1.0,False
S01058,U0151,2024-01-20 06:39:00,2024-01-20 07:46:00,4020.0,ios,1.0.1,False
S01059,U0045,2024-01-10 22:58:00,2024-01-10 23:58:00,3600.0,ios,1.0.2,True
S01060,U0247,2024-01-22 18:27:00,2024-01-22 18:55:00,1680.0,ios,1.1.0,True
S01061,U0055,2024-01-14 00:59:00,2024-01-14 01:41:00,2520.0,android,1.0.2,True
S01062,U0132,2024-01-22 16:15:00,2024-01-22 17:41:00,5160.0,ios,1.1.0,True
S01063,U0274,2024-01-21 16:47:00,,,android,1.0.1,True
S01064,U0176,2024-01-13 13:01:00,2024-01-13 14:13:00,4320.0,android,1.0.1,True
S01065,U0133,2024-01-04 09:55:00,,,ios,1.0.2,True
S01066,U0060,2024-01-19 12:33:00,2024-01-19 13:14:00,2460.0,android,1.1.0,True
S01067,U0160,2024-01-02 20:08:00,2024-01-02 20:58:00,3000.0,android,1.0.2,False
S01068,U0065,2024-01-17 22:39:00,2024-01-17 23:08:00,1740.0,ios,1.0.2,True
S01069,U0276,2024-01-28 15:43:00,2024-01-28 16:21:00,2280.0,ios,1.0.2,False
S01070,U0076,2024-01-20 09:40:00,2024-01-20 11:06:00,5160.0,ios,1.1.0,False
S01071,U0159,2024-01-17 23:30:00,2024-01-18 00:44:00,4440.0,android,1.1.0,True
S01072,U0254,2024-01-10 12:51:00,,,android,1.0.1,True
S01073,U0116,2024-01-23 01:47:00,2024-01-23 02:10:00,1380.0,android,1.1.0,False
S01074,U0154,2024-01-27 22:30:00,2024-01-27 22:51:00,1260.0,ios,1.1.0,False
S01075,U0173,2024-01-14 23:08:00,2024-01-14 23:53:00,2700.0,android,1.0.2,True
S01076,U0271,2024-01-24 09:39:00,2024-01-24 10:04:00,1500.0,android,1.0.1,True
S01077,U0166,2024-01-25 19:48:00,2024-01-25 19:55:00,420.0,android,1.0.2,True
S01078,U0296,2024-01-05 15:04:00,2024-01-05 15:42:00,2280.0,ios,1.0.1,True
S01079,U0101,2024-01-24 22:13:00,,,ios,1.1.0,True
S01080,U0193,2024-01-14 23:11:00,2024-01-14 23:19:00,480.0,ios,1.0.2,False
S01081,U0092,2024-01-02 04:00:00,2024-01-02 05:24:00,5040.0,android,1.1.0,False
S01082,U0077,2024-01-21 13:47:00,2024-01-21 14:03:00,960.0,ios,1.0.2,False
S01083,U0155,2024-01-23 20:20:00,2024-01-23 21:44:00,5040.0,android,1.1.0,True
S01084,U0238,2024-01-28 22:11:00,2024-01-28 23:32:00,4860.0,android,1.0.2,True
S01085,U0062,2024-01-04 02:49:00,2024-01-04 04:12:00,4980.0,ios,1.0.1,False
S01086,U0141,2024-01-23 03:13:00,2024-01-23 03:37:00,1440.0,android,1.0.2,False
S01087,U0153,2024-01-19 04:16:00,,,ios,1.1.0,True
S01088,U0208,2024-01-27 23:55:00,,,android,1.0.1,True
S01089,U0107,2024-01-22 04:00:00,2024-01-22 05:17:00,4620.0,ios,1.0.1,False
S01090,U0161,2024-01-04 01:20:00,2024-01-04 01:47:00,1620.0,ios,1.0.1,False
S01091,U0018,2024-01-03 04:15:00,2024-01-03 05:02:00,2820.0,ios,1.0.2,True
S01092,U0128,2024-01-10 01:34:00,2024-01-10 02:41:00,4020.0,android,1.1.0,False
S01093,U0072,2024-01-19 16:44:00,2024-01-19 17:51:00,4020.0,android,1.1.0,True
S01094,U0051,2024-01-22 01:31:00,2024-01-22 01:56:00,1500.0,ios,1.0.2,True
S01095,U0069,2024-01-20 18:50:00,2024-01-20 19:36:00,2760.0,android,1.0.1,False
S01096,U0039,2024-01-18 08:42:00,2024-01-18 10:06:00,5040.0,ios,1.0.2,False
S01097,U0043,2024-01-09 23:05:00,2024-01-10 00:34:00,5340.0,ios,1.1.0,True
S01098,U0037,2024-01-21 09:11:00,2024-01-21 10:41:00,5400.0,ios,1.1.0,False
S01099,U0289,2024-01-22 22:06:00,2024-01-22 23:24:00,4680.0,ios,1.0.2,True
S01100,U0162,2024-01-26 14:48:00,2024-01-26 16:06:00,4680.0,ios,1.0.1,False
S01101,U0064,2024-01-18 03:45:00,2024-01-18 04:38:00,3180.0,ios,1.0.2,True
S01102,U0186,2024-01-30 11:23:00,2024-01-30 11:42:00,1140.0,ios,1.0.2,True
S01103,U0051,2024-01-13 07:35:00,2024-01-13 07:49:00,840.0,ios,1.0.1,False
S01104,U0251,2024-01-04 18:03:00,2024-01-04 19:17:00,4440.0,android,1.1.0,False
S01105,U0051,2024-01-29 01:38:00,2024-01-29 02:28:00,3000.0,ios,1.0.2,False
S01106,U0245,2024-01-19 04:21:00,2024-01-19 05:49:00,5280.0,ios,1.1.0,True
S01107,U0074,2024-01-13 19:22:00,2024-01-13 19:29:00,420.0,android,1.1.0,True
S01108,U0215,2024-01-23 15:37:00,2024-01-23 16:23:00,2760.0,android,1.1.0,False
S01109,U0142,2024-01-14 17:46:00,2024-01-14 18:16:00,1800.0,android,1.1.0,True
S01110,U0157,2024-01-14 10:40:00,2024-01-14 12:02:00,4920.0,ios,1.0.1,True
S01111,U0048,2024-01-06 19:38:00,,,android,1.1.0,False
S01112,U0006,2024-01-14 23:06:00,2024-01-14 23:24:00,1080.0,android,1.0.2,True
S01113,U0208,2024-01-01 21:02:00,2024-01-01 21:03:00,60.0,android,1.1.0,False
S01114,U0126,2024-01-24 22:34:00,2024-01-24 23:42:00,4080.0,ios,1.1.0,False
S01115,U0087,2024-01-22 17:52:00,2024-01-22 18:15:00,1380.0,ios,1.0.2,True
S01116,U0264,2024-01-12 01:44:00,2024-01-12 02:33:00,2940.0,ios,1.0.2,True
S01117,U0174,2024-01-30 23:10:00,2024-01-31 00:20:00,4200.0,ios,1.0.2,False
S01118,U0248,2024-01-10 09:02:00,2024-01-10 10:23:00,4860.0,android,1.0.1,False
S01119,U0264,2024-01-27 01:12:00,2024-01-27 02:32:00,4800.0,android,1.0.1,False
S01120,U0004,2024-01-20 15:42:00,2024-01-20 16:28:00,2760.0,ios,1.0.1,False
S01121,U0096,2024-01-13 12:06:00,,,android,1.0.2,True
S01122,U0044,2024-01-17 17:33:00,2024-01-17 18:26:00,3180.0,ios,1.0.2,True
S01123,U0080,2024-01-25 22:24:00,2024-01-25 23:25:00,3660.0,android,1.0.2,False
S01124,U0187,2024-01-14 06:13:00,2024-01-14 06:48:00,2100.0,ios,1.0.2,False
S01125,U0083,2024-01-05 12:04:00,2024-01-05 12:05:00,60.0,android,1.1.0,True
S01126,U0057,2024-01-07 09:43:00,,,android,1.0.2,False
S01127,U0017,2024-01-06 22:44:00,2024-01-06 23:46:00,3720.0,android,1.0.1,False
S01128,U0251,2024-01-18 16:54:00,2024-01-18 17:11:00,1020.0,android,1.0.2,False
S01129,U0068,2024-01-04 03:40:00,2024-01-04 03:57:00,1020.0,ios,1.0.2,True
S01130,U0122,2024-01-02 23:09:00,2024-01-03 00:04:00,3300.0,ios,1.0.2,False
S01131,U0149,2024-01-10 16:35:00,,,android,1.0.1,True
S01132,U0262,2024-01-06 08:30:00,2024-01-06 08:45:00,900.0,android,1.1.0,True
S01133,U0220,2024-01-07 16:10:00,2024-01-07 16:24:00,840.0,ios,1.0.1,True
S01134,U0118,2024-01-04 04:30:00,2024-01-04 05:06:00,2160.0,ios,1.0.1,False
S01135,U0010,2024-01-20 06:48:00,,,ios,1.0.2,False
S01136,U0269,2024-01-10 23:53:00,2024-01-11 00:23:00,1800.0,ios,1.0.2,False
S01137,U0246,2024-01-02 17:24:00,2024-01-02 17:31:00,420.0,android,1.0.1,False
S01138,U0187,2024-01-09 11:58:00,2024-01-09 12:30:00,1920.0,android,1.0.1,True
S01139,U0021,2024-01-01 01:46:00,2024-01-01 02:28:00,2520.0,ios,1.0.2,False
S01140,U0144,2024-01-30 20:42:00,2024-01-30 21:06:00,1440.0,android,1.0.2,False
S01141,U0172,2024-01-10 03:48:00,,,ios,1.1.0,True
S01142,U0170,2024-01-12 12:20:00,2024-01-12 13:36:00,4560.0,android,1.0.1,False
S01143,U0108,2024-01-19 13:06:00,,,ios,1.0.1,True
S01144,U0022,2024-01-19 22:20:00,2024-01-19 22:45:00,1500.0,android,1.0.1,True
S01145,U0280,2024-01-20 11:42:00,2024-01-20 12:43:00,3660.0,ios,1.1.0,True
S01146,U0023,2024-01-05 06:32:00,2024-01-05 07:05:00,1980.0,android,1.0.2,False
S01147,U0061,2024-01-30 14:53:00,,,android,1.1.0,True
S01148,U0086,2024-01-20 09:21:00,2024-01-20 09:38:00,1020.0,android,1.0.1,True
S01149,U0098,2024-01-24 13:34:00,2024-01-24 14:43:00,4140.0,ios,1.0.1,False
S01150,U0261,2024-01-13 19:11:00,2024-01-13 20:03:00,3120.0,android,1.0.1,True
S01151,U0002,2024-01-06 19:31:00,2024-01-06 21:01:00,5400.0,ios,1.1.0,False
S01152,U0258,2024-01-23 17:55:00,2024-01-23 18:24:00,1740.0,android,1.1.0,False
S01153,U0283,2024-01-04 05:50:00,2024-01-04 06:59:00,4140.0,ios,1.0.2,True
S01154,U0076,2024-01-29 09:28:00,2024-01-29 10:03:00,2100.0,ios,1.1.0,True
S01155,U0108,2024-01-18 03:57:00,,,android,1.1.0,False
S01156,U0167,2024-01-03 18:44:00,2024-01-03 19:02:00,1080.0,android,1.1.0,False
S01157,U0167,2024-01-02 21:21:00,2024-01-02 22:07:00,2760.0,ios,1.1.0,False
S01158,U0091,2024-01-09 00:32:00,2024-01-09 01:47:00,4500.0,ios,1.1.0,False
S01159,U0132,2024-01-28 21:22:00,2024-01-28 22:33:00,4260.0,ios,1.0.2,True
S01160,U0167,2024-01-09 06:57:00,2024-01-09 07:48:00,3060.0,ios,1.0.2,True
S01161,U0223,2024-01-12 05:03:00,2024-01-12 05:15:00,720.0,android,1.0.1,False
S01162,U0095,2024-01-27 06:00:00,2024-01-27 07:03:00,3780.0,ios,1.1.0,False
S01163,U0011,2024-01-10 05:33:00,2024-01-10 06:24:00,3060.0,ios,1.0.1,True
S01164,U0037,2024-01-14 08:22:00,2024-01-14 09:45:00,4980.0,android,1.0.1,True
S01165,U0007,2024-01-20 03:24:00,2024-01-20 03:27:00,180.0,ios,1.0.1,True
S01166,U0068,2024-01-08 02:51:00,2024-01-08 04:12:00,4860.0,ios,1.0.1,True
S01167,U0278,2024-01-24 11:33:00,2024-01-24 11:44:00,660.0,ios,1.0.1,False
S01168,U0289,2024-01-29 15:09:00,2024-01-29 15:49:00,2400.0,android,1.0.2,True
S01169,U0125,2024-01-02 18:33:00,2024-01-02 19:54:00,4860.0,ios,1.0.1,True
S01170,U0053,2024-01-18 10:07:00,2024-01-18 11:01:00,3240.0,ios,1.0.1,True
S01171,U0013,2024-01-08 14:34:00,2024-01-08 15:20:00,2760.0,android,1.0.1,False
S01172,U0058,2024-01-16 05:47:00,2024-01-16 06:16:00,1740.0,ios,1.0.2,False
S01173,U0040,2024-01-20 11:23:00,2024-01-20 11:34:00,660.0,ios,1.1.0,True
S01174,U0092,2024-01-14 18:06:00,2024-01-14 18:30:00,1440.0,android,1.0.1,False
S01175,U0147,2024-01-12 03:32:00,2024-01-12 04:36:00,3840.0,android,1.0.2,True
S01176,U0002,2024-01-28 05:04:00,2024-01-28 05:23:00,1140.0,android,1.0.1,False
S01177,U0229,2024-01-24 16:19:00,2024-01-24 16:34:00,900.0,android,1.1.0,False
S01178,U0075,2024-01-03 11:01:00,2024-01-03 11:25:00,1440.0,android,1.0.2,False
S01179,U0254,2024-01-14 16:25:00,2024-01-14 17:18:00,3180.0,android,1.0.1,True
S01180,U0197,2024-01-14 18:45:00,2024-01-14 19:54:00,4140.0,android,1.1.0,True
S01181,U0197,2024-01-03 19:49:00,2024-01-03 20:57:00,4080.0,ios,1.1.0,True
S01182,U0121,2024-01-12 00:05:00,2024-01-12 00:08:00,180.0,android,1.1.0,False
S01183,U0069,2024-01-30 03:45:00,,,android,1.0.2,True
S01184,U0151,2024-01-15 04:55:00,2024-01-15 06:06:00,4260.0,android,1.0.1,True
S01185,U0115,2024-01-02 04:42:00,2024-01-02 06:12:00,5400.0,ios,1.0.2,True
S01186,U0218,2024-01-12 01:50:00,2024-01-12 03:15:00,5100.0,ios,1.0.2,True
S01187,U0016,2024-01-05 12:28:00,2024-01-05 13:00:00,1920.0,ios,1.0.1,False
S01188,U0077,2024-01-25 06:13:00,2024-01-25 06:31:00,1080.0,android,1.0.2,False
S01189,U0173,2024-01-15 22:00:00,2024-01-15 22:37:00,2220.0,ios,1.0.1,True
S01190,U0017,2024-01-20 05:55:00,2024-01-20 05:57:00,120.0,android,1.0.2,False
S01191,U0284,2024-01-23 08:48:00,2024-01-23 09:53:00,3900.0,android,1.1.0,True
S01192,U0217,2024-01-30 05:21:00,2024-01-30 05:33:00,720.0,android,1.0.1,True
S01193,U0206,2024-01-20 01:54:00,2024-01-20 02:18:00,1440.0,ios,1.1.0,False
S01194,U0245,2024-01-11 22:16:00,2024-01-11 23:05:00,2940.0,ios,1.0.1,False
S01195,U0218,2024-01-07 09:12:00,2024-01-07 09:22:00,600.0,android,1.1.0,False
S01196,U0015,2024-01-08 09:37:00,2024-01-08 09:51:00,840.0,ios,1.0.1,True
S01197,U0159,2024-01-07 18:49:00,2024-01-07 18:54:00,300.0,ios,1.0.2,True
S01198,U0292,2024-01-19 01:31:00,2024-01-19 02:33:00,3720.0,ios,1.0.1,False
S01199,U0048,2024-01-10 00:17:00,2024-01-10 00:54:00,2220.0,android,1.1.0,True
